"ID","GeneID","geneSymbol","chr","strand","riExonStart_0base","riExonEnd","upstreamES","upstreamEE","downstreamES","downstreamEE","ID.1","IJC_SAMPLE_1","SJC_SAMPLE_1","IJC_SAMPLE_2","SJC_SAMPLE_2","IncFormLen","SkipFormLen","PValue","FDR","IncLevel1","IncLevel2","IncLevelDifference"
5820,"ENSG00000075624.17","ACTB","chr7","-",5528280,5529400,5528280,5528671,5529160,5529400,5820,"4631,4562,5701","221,0,2","5069,6078,4192","250,387,257",638,149,0,0,"0.83,1.0,0.999","0.826,0.786,0.792",0.142
6348,"ENSG00000124155.19","PIGT","chr20","+",45416516,45418979,45416516,45416694,45418771,45418979,6348,"4,6,6","0,0,0","6,16,2","1,6,3",2226,149,0,0,"1.0,1.0,1.0","0.287,0.151,0.043",0.84
9420,"ENSG00000136492.10","BRIP1","chr17","-",61776400,61781005,61776400,61776562,61780839,61781005,9420,"25,17,9","1,3,5","8,16,4","0,0,0",4426,149,3.33066907388e-16,5.60718138587698e-13,"0.457,0.16,0.057","1.0,1.0,1.0",-0.775
6669,"ENSG00000156239.12","N6AMT1","chr21","-",28872190,28876491,28872190,28872739,28876311,28876491,6669,"222,286,236","0,0,1","175,215,180","22,12,7",3721,149,1.12132525487e-14,1.51020085325892e-11,"1.0,1.0,0.904","0.242,0.418,0.507",0.579
1960,"ENSG00000172575.14","RASGRP1","chr15","-",38516196,38518423,38516196,38516350,38518291,38518423,1960,"2,4,1","3,23,7","5,18,20","1,3,3",2090,149,4.22784030008e-12,4.54875914712856e-09,"0.045,0.012,0.01","0.263,0.3,0.322",-0.273
7291,"ENSG00000155906.20","RMND1","chr6","-",151421244,151423631,151421244,151421321,151423524,151423631,7291,"1,0,2","2,4,0","2,4,2","0,0,0",2352,149,4.72843986188e-12,4.54875914712856e-09,"0.031,0.0,1.0","1.0,1.0,1.0",-0.656
2006,"ENSG00000213145.10","CRIP1","chr14","+",105486316,105488388,105486316,105487299,105488330,105488388,2006,"81,78,140","0,3,0","95,121,103","34,18,15",1180,149,1.19299015111e-11,1.00419945969684e-08,"1.0,0.767,1.0","0.261,0.459,0.464",0.528
1586,"ENSG00000168488.19","ATXN2L","chr16","+",28835277,28835758,28835277,28835399,28835545,28835758,1586,"2,0,0","25,32,21","32,13,8","31,37,31",295,149,2.9668922874e-10,2.2198947403724e-07,"0.039,0.0,0.0","0.343,0.151,0.115",-0.19
7902,"ENSG00000187790.12","FANCM","chr14","+",45136010,45137241,45136010,45136539,45137068,45137241,7902,"0,0,0","3,9,10","12,6,4","3,3,5",678,149,5.4366432467e-09,2.28814722645486e-06,"0.0,0.0,0.0","0.468,0.305,0.15",-0.308
4486,"ENSG00000121940.17","CLCC1","chr1","-",108941404,108943615,108941404,108941498,108943558,108943615,4486,"42,46,39","1,3,4","25,27,22","0,0,0",2209,149,2.00671144146e-08,7.11220781410086e-06,"0.739,0.508,0.397","1.0,1.0,1.0",-0.452
6681,"ENSG00000100911.16","PSME2","chr14","-",24144399,24145273,24144399,24144468,24145242,24145273,6681,"23,25,48","0,0,0","28,34,16","2,2,5",923,149,3.3985058101e-08,1.14427690626067e-05,"1.0,1.0,1.0","0.693,0.733,0.341",0.411
4445,"ENSG00000171793.17","CTPS1","chr1","+",41009444,41012550,41009444,41009589,41011657,41012550,4445,"10,3,14","0,0,0","1,11,11","0,5,2",2217,149,4.68034683232e-08,1.48265288325626e-05,"1.0,1.0,1.0","1.0,0.129,0.27",0.534
8990,"ENSG00000115392.13","FANCL","chr2","-",58226727,58229874,58226727,58226782,58229813,58229874,8990,"4,1,8","0,4,1","6,10,6","0,0,0",3180,149,6.11141577345e-08,1.78931625297445e-05,"1.0,0.012,0.273","1.0,1.0,1.0",-0.572
4569,"ENSG00000223745.8","CCDC18-AS1","chr1","-",93337376,93339274,93337376,93337512,93338229,93339274,4569,"9,5,4","0,3,12","10,8,5","0,0,0",866,149,7.73577063518e-08,2.08370717829208e-05,"1.0,0.223,0.054","1.0,1.0,1.0",-0.574
8598,"ENSG00000148356.15","LRSAM1","chr9","+",127487494,127487763,127487494,127487553,127487675,127487763,8598,"3,3,1","0,0,0","1,2,0","0,8,2",271,149,7.6621402334e-08,2.08370717829208e-05,"1.0,1.0,1.0","1.0,0.121,0.0",0.626
8476,"ENSG00000273559.5","CWC25","chr17","-",38810275,38810595,38810275,38810400,38810467,38810595,8476,"10,19,14","4,9,2","9,5,11","0,0,0",216,149,9.32907007201e-08,2.2436413523184e-05,"0.633,0.593,0.828","1.0,1.0,1.0",-0.315
6910,"ENSG00000172053.18","QARS1","chr3","-",49103344,49103706,49103344,49103466,49103630,49103706,6910,"8,10,5","1,4,3","12,22,12","0,0,0",313,149,1.1132888289e-07,2.4989623246042e-05,"0.792,0.543,0.442","1.0,1.0,1.0",-0.408
736,"ENSG00000011243.19","AKAP8L","chr19","-",15397713,15400864,15397713,15399410,15400793,15400864,736,"18,12,26","0,0,0","17,14,12","3,11,0",1532,149,1.76520527084e-07,3.71465384182392e-05,"1.0,1.0,1.0","0.355,0.11,1.0",0.512
5998,"ENSG00000009830.13","POMT2","chr14","-",77304691,77306441,77304691,77304800,77306245,77306441,5998,"9,10,24","0,4,6","5,25,24","0,0,0",1594,149,1.72736741799e-07,3.71465384182392e-05,"1.0,0.189,0.272","1.0,1.0,1.0",-0.513
9283,"ENSG00000149743.14","TRPT1","chr11","-",64224099,64224341,64224099,64224162,64224284,64224341,9283,"48,41,77","10,11,16","42,84,60","2,3,2",271,149,2.80734219427e-07,5.72867949582248e-05,"0.725,0.672,0.726","0.92,0.939,0.943",-0.226
2688,"ENSG00000197858.12","GPAA1","chr8","+",144084133,144085743,144084133,144084609,144085572,144085743,2688,"138,180,127","5,5,3","161,175,193","0,0,0",1112,149,3.87280601033e-07,7.67043402163595e-05,"0.787,0.828,0.85","1.0,1.0,1.0",-0.178
7461,"ENSG00000122678.17","POLM","chr7","-",44074130,44074530,44074130,44074220,44074397,44074530,7461,"8,14,33","0,4,0","9,20,8","21,12,8",326,149,4.95074042539e-07,9.0103475742098e-05,"1.0,0.615,1.0","0.164,0.432,0.314",0.568
372,"ENSG00000291050.1","TEKT4P2","chr21","-",9068355,9069599,9068355,9068659,9069444,9069599,372,"31,24,28","0,4,8","40,22,21","0,0,0",934,149,5.23219297333e-07,9.27199670589585e-05,"1.0,0.489,0.358","1.0,1.0,1.0",-0.384
8174,"ENSG00000178035.13","IMPDH2","chr3","-",49024494,49025040,49024494,49024578,49024895,49025040,8174,"23,31,51","0,0,0","51,53,43","4,7,2",466,149,6.78331667836e-07,0.000117125267979683,"1.0,1.0,1.0","0.803,0.708,0.873",0.205
6641,"ENSG00000146414.17","SHPRH","chr6","-",145954689,145955354,145954689,145954853,145955186,145955354,6641,"29,33,20","3,4,3","32,22,29","0,0,0",482,149,8.6790211995e-07,0.000146111321893582,"0.749,0.718,0.673","1.0,1.0,1.0",-0.287
4808,"ENSG00000132471.12","WBP2","chr17","-",75846907,75848662,75846907,75846984,75848569,75848662,4808,"16,7,19","0,5,2","38,32,7","0,0,0",1734,149,1.00736364694e-06,0.00016446336152974,"1.0,0.107,0.449","1.0,1.0,1.0",-0.481
2310,"ENSG00000293491.1","TMEM198B","chr12","+",55832958,55833541,55832958,55833038,55833446,55833541,2310,"18,16,23","1,1,6","12,19,8","0,0,0",557,149,1.24195602724e-06,0.000187146198701953,"0.828,0.811,0.506","1.0,1.0,1.0",-0.285
5904,"ENSG00000168003.19","SLC3A2","chr11","+",62881698,62882066,62881698,62881718,62881892,62882066,5904,"37,75,29","5,10,5","58,116,94","1,4,0",323,149,1.26688570878e-06,0.000187146198701953,"0.773,0.776,0.728","0.964,0.93,1.0",-0.206
6677,"ENSG00000221838.12","AP4M1","chr7","+",100101879,100102393,100101879,100101968,100102245,100102393,6677,"11,19,22","7,1,2","18,17,15","0,0,0",426,149,1.27839696173e-06,0.000187146198701953,"0.355,0.869,0.794","1.0,1.0,1.0",-0.327
9816,"ENSG00000175197.13","DDIT3","chr12","-",57517268,57517753,57517268,57517595,57517705,57517753,9816,"22,77,38","9,5,19","57,74,19","0,4,0",259,149,1.43207854231e-06,0.000205183338381182,"0.584,0.899,0.535","1.0,0.914,1.0",-0.299
1011,"ENSG00000167895.16","TMC8","chr17","+",78137234,78137814,78137234,78137323,78137716,78137814,1011,"20,6,5","0,3,6","8,24,5","0,0,0",542,149,1.7853308748e-06,0.000226838077564211,"1.0,0.355,0.186","1.0,1.0,1.0",-0.486
9958,"ENSG00000197653.16","DNAH10","chr12","+",123929663,123930573,123929663,123929759,123930401,123930573,9958,"7,16,6","2,0,0","0,8,1","5,4,4",791,149,1.77073140006e-06,0.000226838077564211,"0.397,1.0,1.0","0.0,0.274,0.045",0.693
7328,"ENSG00000112531.17","QKI","chr6","+",163563419,163570145,163563419,163563719,163564666,163570145,7328,"9,21,13","0,1,0","6,8,0","5,0,2",1096,149,2.17836791638e-06,0.000271650547201906,"1.0,0.741,1.0","0.14,1.0,0.0",0.534
7767,"ENSG00000163702.21","IL17RC","chr3","+",9917712,9918075,9917712,9917734,9917863,9918075,7767,"0,0,0","6,2,2","7,6,0","2,1,1",278,149,2.70091447618e-06,0.000330690146956293,"0.0,0.0,0.0","0.652,0.763,0.0",-0.472
4833,"ENSG00000160753.17","RUSC1","chr1","+",155325863,155327132,155325863,155325910,155326897,155327132,4833,"319,382,439","42,45,66","509,625,502","36,40,31",1136,149,2.97961852425e-06,0.000358299127541063,"0.499,0.527,0.466","0.65,0.672,0.68",-0.17
4156,"ENSG00000074582.15","BCS1L","chr2","+",218662196,218662679,218662196,218662260,218662514,218662679,4156,"11,11,8","0,0,1","12,10,4","1,4,10",403,149,3.11611238368e-06,0.000364668748252053,"1.0,1.0,0.747","0.816,0.48,0.129",0.441
5473,"ENSG00000085998.15","POMGNT1","chr1","-",46196011,46197084,46196011,46196077,46196969,46197084,5473,"0,4,1","1,3,0","2,11,6","0,1,0",1041,149,3.33700105204e-06,0.000379592397783205,"0.0,0.16,1.0","1.0,0.612,1.0",-0.484
9640,"ENSG00000139372.15","TDG","chr12","+",103982798,103983389,103982798,103982934,103983294,103983389,9640,"9,6,5","2,5,6","3,7,6","0,1,0",509,149,3.38217164642e-06,0.000379592397783205,"0.568,0.26,0.196","1.0,0.672,1.0",-0.549
1948,"ENSG00000062524.16","LTK","chr15","-",41507094,41507657,41507094,41507174,41507561,41507657,1948,"7,21,5","0,0,0","23,12,35","2,0,10",536,149,3.5742079153e-06,0.000394569116420167,"1.0,1.0,1.0","0.762,1.0,0.493",0.248
5280,"ENSG00000171824.14","EXOSC10","chr1","-",11076841,11077651,11076841,11076948,11077600,11077651,5280,"13,12,14","0,0,0","8,23,18","0,6,2",801,149,3.76409637615e-06,0.000408829435435389,"1.0,1.0,1.0","1.0,0.416,0.626",0.319
3965,"ENSG00000234741.10","GAS5","chr1","-",173864256,173864704,173864256,173864304,173864674,173864704,3965,"574,609,621","166,206,212","649,694,617","320,350,343",519,149,3.88572229604e-06,0.000408850842836459,"0.498,0.459,0.457","0.368,0.363,0.341",0.114
4748,"ENSG00000155363.19","MOV10","chr1","+",112699457,112699810,112699457,112699612,112699662,112699810,4748,"1,2,5","1,7,1","4,10,9","0,0,1",199,149,4.3085594098e-06,0.000439603622205958,"0.428,0.176,0.789","1.0,1.0,0.871",-0.493
1821,"ENSG00000125835.20","SNRPB","chr20","-",2465707,2467758,2465707,2467315,2467606,2467758,1821,"6,10,2","3,22,4","0,2,4","39,40,23",440,149,4.62453661687e-06,0.000464800441462725,"0.404,0.133,0.145","0.0,0.017,0.056",0.203
10083,"ENSG00000171503.13","ETFDH","chr4","+",158680123,158681614,158680123,158680182,158680466,158681614,10083,"10,9,10","2,0,7","25,24,4","0,0,0",433,149,5.92482767947e-06,0.000578228834689145,"0.632,1.0,0.33","1.0,1.0,1.0",-0.346
1607,"ENSG00000188603.22","CLN3","chr16","-",28487455,28488662,28487455,28487541,28488590,28488662,1607,"0,0,0","13,3,18","4,11,6","13,17,3",1198,149,6.37370664103e-06,0.000599639138128687,"0.0,0.0,0.0","0.037,0.074,0.199",-0.103
4110,"ENSG00000163374.21","YY1AP1","chr1","-",155659500,155661423,155659500,155660933,155661306,155661423,4110,"5,16,16","2,4,1","23,25,9","1,0,0",522,149,7.05816690005e-06,0.00064229318790455,"0.416,0.533,0.82","0.868,1.0,1.0",-0.366
8401,"ENSG00000213930.12","GALT","chr9","+",34647088,34648171,34647088,34647258,34648114,34648171,8401,"3,6,1","0,6,3","4,14,1","0,1,0",1005,149,7.2917846079e-06,0.000654705033994648,"1.0,0.129,0.047","1.0,0.675,1.0",-0.5
6038,"ENSG00000113240.14","CLK4","chr5","-",178616881,178618778,178616881,178616948,178617343,178618778,6038,"1,10,6","16,10,10","2,0,0","14,20,21",544,149,7.53291384847e-06,0.000664000358243064,"0.017,0.215,0.141","0.038,0.0,0.0",0.112
6059,"ENSG00000167733.14","HSD11B1L","chr19","+",5684818,5685119,5684818,5684905,5684992,5685119,6059,"11,1,0","2,4,1","3,3,5","1,0,0",236,149,7.59251968885e-06,0.000664000358243064,"0.776,0.136,0.0","0.654,1.0,1.0",-0.581
327,"ENSG00000160298.18","C21orf58","chr21","-",46301129,46302154,46301129,46301713,46301996,46302154,327,"5,16,26","2,1,0","3,15,5","8,8,7",432,149,7.78040631355e-06,0.000669192651499685,"0.463,0.847,1.0","0.115,0.393,0.198",0.535
246,"ENSG00000239900.14","ADSL","chr22","+",40361272,40363071,40361272,40361342,40362980,40363071,246,"47,37,73","2,6,0","83,58,36","0,0,0",1787,149,9.04825307546e-06,0.000743060197684727,"0.662,0.34,1.0","1.0,1.0,1.0",-0.333
3839,"ENSG00000215021.10","PHB2","chr12","-",6967170,6968021,6967170,6967335,6967891,6968021,3839,"91,75,110","1,5,6","174,168,167","2,0,0",705,149,9.19947174338e-06,0.0007463764183123,"0.951,0.76,0.795","0.948,1.0,1.0",-0.147
5042,"ENSG00000247828.10","TMEM161B-DT","chr5","+",88269467,88270585,88269467,88269687,88270525,88270585,5042,"14,7,30","1,4,1","2,11,12","0,0,0",987,149,1.23270647706e-05,0.00091121392228685,"0.679,0.209,0.819","1.0,1.0,1.0",-0.431
1955,"ENSG00000137841.12","PLCB2","chr15","-",40290576,40290837,40290576,40290672,40290760,40290837,1955,"3,0,0","11,17,9","13,5,4","13,2,13",237,149,1.29840853098e-05,0.000920366636591507,"0.146,0.0,0.0","0.386,0.611,0.162",-0.338
6000,"ENSG00000009830.13","POMT2","chr14","-",77304691,77306503,77304691,77304800,77306401,77306503,6000,"42,27,78","2,5,0","23,44,54","0,0,0",1750,149,1.6659403919e-05,0.0010998473136328,"0.641,0.315,1.0","1.0,1.0,1.0",-0.348
9677,"ENSG00000114857.19","NKTR","chr3","+",42620015,42621516,42620015,42620043,42621428,42621516,9677,"24,13,31","0,3,3","29,25,20","0,0,0",1534,149,1.70399564149e-05,0.00110333717786478,"1.0,0.296,0.501","1.0,1.0,1.0",-0.401
1749,"ENSG00000161996.19","WDR90","chr16","+",666454,666792,666454,666598,666672,666792,1749,"5,5,14","19,22,29","6,1,0","42,36,35",223,149,1.79321907758e-05,0.00113920162909658,"0.15,0.132,0.244","0.087,0.018,0.0",0.14
7123,"ENSG00000203875.13","SNHG5","chr6","-",85677423,85678188,85677423,85677875,85678135,85678188,7123,"37,29,37","0,0,0","37,69,40","2,0,15",409,149,1.91623117178e-05,0.00118384410190519,"1.0,1.0,1.0","0.871,1.0,0.493",0.212
8663,"ENSG00000131650.15","KREMEN2","chr16","+",2967319,2968380,2967319,2967445,2967809,2968380,8663,"127,178,172","4,1,0","187,207,135","3,10,22",513,149,1.90822526311e-05,0.00118384410190519,"0.902,0.981,1.0","0.948,0.857,0.641",0.146
5386,"ENSG00000231663.3","COA6-AS1","chr1","-",234372806,234373664,234372806,234373210,234373422,234373664,5386,"16,23,35","6,11,12","10,38,63","2,3,2",361,149,1.97115319053e-05,0.00120670414409355,"0.524,0.463,0.546","0.674,0.839,0.929",-0.303
6361,"ENSG00000144354.15","CDCA7","chr2","+",173363999,173364989,173363999,173364161,173364794,173364989,6361,"4,7,17","0,0,1","4,3,11","4,4,0",782,149,2.07260106608e-05,0.00125737798008853,"1.0,1.0,0.764","0.16,0.125,1.0",0.493
6062,"ENSG00000290571.1","GOLGA2P5","chr12","-",100157164,100157739,100157164,100157256,100157527,100157739,6062,"6,12,0","1,12,6","4,18,4","1,0,1",420,149,2.11212244585e-05,0.00125867544693397,"0.68,0.262,0.0","0.587,1.0,0.587",-0.411
6929,"ENSG00000119844.17","AFTPH","chr2","+",64579485,64581273,64579485,64579546,64581189,64581273,6929,"22,12,14","0,1,0","4,34,2","0,4,3",1792,149,2.16804662542e-05,0.00128066894522616,"1.0,0.499,1.0","1.0,0.414,0.053",0.344
9733,"ENSG00000123349.15","PFDN5","chr12","+",53295838,53296467,53295838,53295941,53296429,53296467,9733,"60,41,111","38,25,40","76,99,86","19,14,14",637,149,2.68824665025e-05,0.0015605735295503,"0.27,0.277,0.394","0.483,0.623,0.59",-0.252
240,"ENSG00000100359.21","SGSM3","chr22","+",40408932,40409372,40408932,40409018,40409339,40409372,240,"96,89,72","5,0,3","74,86,76","6,22,10",470,149,2.79148173573e-05,0.00160665282123127,"0.859,1.0,0.884","0.796,0.553,0.707",0.229
10213,"ENSG00000092330.19","TINF2","chr14","-",24239681,24240875,24239681,24240330,24240418,24240875,10213,"181,161,152","31,32,33","123,169,135","43,79,45",237,149,3.0723239173e-05,0.00172408577159152,"0.786,0.76,0.743","0.643,0.574,0.654",0.139
8277,"ENSG00000185189.18","NRBP2","chr8","-",143835819,143836030,143835819,143835875,143835966,143836030,8277,"0,5,0","33,32,47","7,5,4","15,15,21",240,149,3.19555800716e-05,0.00177842046448061,"0.0,0.088,0.0","0.225,0.171,0.106",-0.138
6508,"ENSG00000291132.1","ENSG00000291132","chr1","-",32234703,32235113,32234703,32234814,32234951,32235113,6508,"0,0,2","7,5,4","3,8,1","4,1,1",286,149,3.63235844144e-05,0.00196884734076955,"0.0,0.0,0.207","0.281,0.806,0.343",-0.408
7645,"ENSG00000197037.11","ZSCAN25","chr7","+",99619560,99621574,99619560,99619997,99621372,99621574,7645,"8,8,6","0,0,1","8,12,0","3,0,5",1524,149,3.60957292879e-05,0.00196884734076955,"1.0,1.0,0.37","0.207,1.0,0.0",0.388
195,"ENSG00000102125.17","TAFAZZIN","chrX","+",154419542,154419746,154419542,154419623,154419704,154419746,195,"11,19,5","21,16,16","0,1,6","35,23,13",230,149,3.9337568043e-05,0.0020695248687622,"0.253,0.435,0.168","0.0,0.027,0.23",0.2
68,"ENSG00000102393.15","GLA","chrX","-",101398369,101398946,101398369,101398567,101398718,101398946,68,"10,6,18","0,0,0","3,10,11","4,0,3",300,149,3.98316337052e-05,0.0020792730338823,"1.0,1.0,1.0","0.271,1.0,0.646",0.361
1196,"ENSG00000108671.11","PSMD11","chr17","+",32479250,32480197,32479250,32479376,32480145,32480197,1196,"2,0,0","0,1,4","10,14,0","0,0,1",918,149,4.44763319649e-05,0.00223510163769878,"1.0,0.0,0.0","1.0,1.0,0.0",-0.333
7167,"ENSG00000255717.9","SNHG1","chr11","-",62852810,62853115,62852810,62852993,62853074,62853115,7167,"49,66,59","16,32,30","74,81,77","13,14,13",230,149,4.64769082219e-05,0.00227114378556599,"0.665,0.572,0.56","0.787,0.789,0.793",-0.191
5316,"ENSG00000140983.15","RHOT2","chr16","+",668487,668699,668487,668569,668658,668699,5316,"6,5,10","0,0,2","5,7,6","6,7,1",238,149,4.87266357987e-05,0.00236061270121184,"1.0,1.0,0.758","0.343,0.385,0.79",0.413
943,"ENSG00000154889.17","MPPE1","chr18","-",11885675,11887025,11885675,11885816,11886916,11887025,943,"17,13,1","0,0,0","14,29,4","2,0,3",1249,149,4.98255739837e-05,0.00239661010861597,"1.0,1.0,1.0","0.455,1.0,0.137",0.469
3464,"ENSG00000139112.11","GABARAPL1","chr12","+",10213835,10214187,10213835,10213974,10214073,10214187,3464,"2,8,2","1,0,14","1,6,5","0,0,0",248,149,5.17519097063e-05,0.00244707098816787,"0.546,1.0,0.079","1.0,1.0,1.0",-0.458
5329,"ENSG00000125967.17","NECAB3","chr20","-",33659884,33660395,33659884,33659998,33660258,33660395,5329,"7,7,7","2,6,0","2,18,10","0,0,1",409,149,5.20377441574e-05,0.00244707098816787,"0.56,0.298,1.0","1.0,1.0,0.785",-0.309
9106,"ENSG00000142046.15","TMEM91","chr19","+",41382771,41384083,41382771,41382921,41383885,41384083,9106,"42,9,36","1,0,0","26,45,26","6,4,0",1113,149,5.33881332024e-05,0.00246243622592439,"0.849,1.0,1.0","0.367,0.601,1.0",0.294
5317,"ENSG00000140983.15","RHOT2","chr16","+",668655,670175,668655,668699,670122,670175,5317,"0,1,4","9,19,5","24,8,8","3,16,15",1572,149,5.48999396516e-05,0.00248118250747567,"0.0,0.005,0.07","0.431,0.045,0.048",-0.15
6214,"ENSG00000007923.17","DNAJC11","chr1","-",6652828,6654039,6652828,6653387,6653910,6654039,6214,"4,8,19","0,0,0","20,19,25","1,0,7",672,149,5.58337517826e-05,0.00248996347353661,"1.0,1.0,1.0","0.816,1.0,0.442",0.247
1286,"ENSG00000175106.17","TVP23C","chr17","-",15536979,15540561,15536979,15538153,15540432,15540561,1286,"42,29,16","44,31,60","29,50,28","0,0,20",2428,149,5.79754620964e-05,0.00255167818141933,"0.055,0.054,0.016","1.0,1.0,0.079",-0.651
4893,"ENSG00000137601.18","NEK1","chr4","-",169612019,169612583,169612019,169612143,169612221,169612583,4893,"12,18,17","9,16,7","8,2,4","13,13,20",227,149,5.77487957754e-05,0.00255167818141933,"0.467,0.425,0.615","0.288,0.092,0.116",0.337
3210,"ENSG00000221829.11","FANCG","chr9","-",35074370,35075325,35074370,35074494,35075278,35075325,3210,"41,36,41","0,0,1","39,58,34","0,13,2",933,149,6.09366086891e-05,0.0026445962563594,"1.0,1.0,0.868","1.0,0.416,0.731",0.24
6799,"ENSG00000163728.11","TTC14","chr3","+",180608700,180610003,180608700,180608810,180609629,180610003,6799,"82,56,44","9,14,13","15,23,13","13,12,14",968,149,6.12647781396e-05,0.0026445962563594,"0.584,0.381,0.343","0.151,0.228,0.125",0.268
6950,"ENSG00000169567.13","HINT1","chr5","-",131159295,131162676,131159295,131162477,131162571,131162676,6950,"0,0,1","17,34,27","4,3,4","11,18,22",243,149,6.19307938661e-05,0.00265631825410393,"0.0,0.0,0.022","0.182,0.093,0.1",-0.118
3349,"ENSG00000124593.16","ENSG00000124593","chr6","+",41783461,41784238,41783461,41783605,41783733,41784238,3349,"0,3,0","14,8,1","3,7,6","6,0,4",277,149,6.44140097672e-05,0.00272807510548632,"0.0,0.168,0.0","0.212,1.0,0.447",-0.497
6210,"ENSG00000007923.17","DNAJC11","chr1","-",6637446,6638364,6637446,6637504,6638082,6638364,6210,"13,8,4","0,1,0","14,7,4","0,2,4",727,149,6.8888471225e-05,0.00280411224886049,"1.0,0.621,1.0","1.0,0.418,0.17",0.344
9281,"ENSG00000149781.14","FERMT3","chr11","+",64220219,64223189,64220219,64220326,64223047,64223189,9281,"9,11,14","1,0,0","2,16,14","0,6,3",2870,149,6.85366376085e-05,0.00280411224886049,"0.318,1.0,1.0","1.0,0.122,0.195",0.334
9984,"ENSG00000129460.17","NGDN","chr14","+",23475170,23476152,23475170,23475308,23476028,23476152,9984,"5,6,4","0,4,3","8,2,4","1,0,0",869,149,6.87555525852e-05,0.00280411224886049,"1.0,0.205,0.186","0.578,1.0,1.0",-0.396
9072,"ENSG00000130713.17","EXOSC2","chr9","+",130697581,130702310,130697581,130697627,130702133,130702310,9072,"187,165,191","0,1,0","166,191,152","2,0,5",4655,149,7.0200866336e-05,0.0028307343347702,"1.0,0.841,1.0","0.727,1.0,0.493",0.207
3141,"ENSG00000182220.15","ATP6AP2","chrX","+",40599591,40600881,40599591,40599741,40600768,40600881,3141,"4,6,5","2,1,1","3,14,13","0,0,0",1176,149,7.49538069861e-05,0.00295922426253031,"0.202,0.432,0.388","1.0,1.0,1.0",-0.659
6675,"ENSG00000163161.14","ERCC3","chr2","-",127289336,127289824,127289336,127289519,127289688,127289824,6675,"2,1,12","4,2,1","14,12,9","0,2,0",318,149,7.51451364557e-05,0.00295922426253031,"0.19,0.19,0.849","1.0,0.738,1.0",-0.503
7810,"ENSG00000142541.18","RPL13A","chr19","+",49489849,49490576,49489849,49489922,49490474,49490576,7810,"59,89,117","23,27,26","111,111,68","60,66,59",701,149,7.57617348895e-05,0.00296616001596449,"0.353,0.412,0.489","0.282,0.263,0.197",0.171
3123,"ENSG00000135063.20","ENTREP1","chr9","+",69385794,69388450,69385794,69385947,69388157,69388450,3123,"2,8,6","0,0,1","2,8,8","9,7,5",2359,149,8.11921661382e-05,0.00312427455299794,"1.0,1.0,0.275","0.014,0.067,0.092",0.701
5797,"ENSG00000118600.13","RXYLT1","chr12","+",63784969,63787059,63784969,63785072,63786802,63787059,5797,"6,11,10","0,0,0","0,6,4","1,2,0",1879,149,8.19350970189e-05,0.00313494854162087,"1.0,1.0,1.0","0.0,0.192,1.0",0.603
4534,"ENSG00000068885.15","IFT80","chr3","-",160383436,160384646,160383436,160383504,160384405,160384646,4534,"9,15,7","3,9,0","16,17,4","0,0,1",1050,149,8.56428912187e-05,0.00323636340701315,"0.299,0.191,1.0","1.0,1.0,0.362",-0.291
5812,"ENSG00000142687.19","KIAA0319L","chr1","-",35441046,35443028,35441046,35441138,35442905,35443028,5812,"14,12,12","1,2,2","2,14,12","0,1,0",1916,149,8.53172276667e-05,0.00323636340701315,"0.521,0.318,0.318","1.0,0.521,1.0",-0.455
8992,"ENSG00000182196.14","ARL6IP4","chr12","+",122981128,122981879,122981128,122981266,122981570,122981879,8992,"96,129,130","155,118,137","203,205,210","138,163,99",453,149,8.6027479931e-05,0.00323636340701315,"0.169,0.264,0.238","0.326,0.293,0.411",-0.12
1811,"ENSG00000176371.14","ZSCAN2","chr15","+",84620601,84622714,84620601,84620772,84622577,84622714,1811,"315,470,442","0,0,0","422,435,314","4,0,6",1954,149,9.07174421125e-05,0.00339384030658653,"1.0,1.0,1.0","0.889,1.0,0.8",0.104
9735,"ENSG00000123349.15","PFDN5","chr12","+",53295838,53297924,53295838,53295941,53297849,53297924,9735,"106,99,199","46,63,33","143,147,124","0,46,0",2057,149,9.66777263954e-05,0.0035770758766298,"0.143,0.102,0.304","1.0,0.188,1.0",-0.546
912,"ENSG00000099821.14","POLRMT","chr19","-",617569,618586,617569,617655,618487,618586,912,"54,54,27","0,0,0","81,96,40","2,0,6",981,149,0.000100234071174,0.0036485201907336,"1.0,1.0,1.0","0.86,1.0,0.503",0.212
10022,"ENSG00000161265.15","U2AF1L4","chr19","-",35744322,35745187,35744322,35744421,35745124,35745187,10022,"15,8,40","13,10,22","13,18,14","45,31,25",852,149,0.000105405242799,0.00379571606956399,"0.168,0.123,0.241","0.048,0.092,0.089",0.101
5657,"ENSG00000028310.18","BRD9","chr5","-",868606,869119,868606,868804,869037,869119,5657,"11,4,11","0,4,0","5,4,4","7,14,4",382,149,0.000111347930288,0.00396728551618726,"1.0,0.281,1.0","0.218,0.1,0.281",0.561
6738,"ENSG00000237765.8","FAM200B","chr4","+",15686235,15687148,15686235,15686462,15686931,15687148,6738,"56,45,79","1,0,0","59,51,61","6,0,3",618,149,0.000111314899905,0.00396728551618726,"0.931,1.0,1.0","0.703,1.0,0.831",0.132
4973,"ENSG00000176124.15","DLEU1","chr13","+",50527865,50528534,50527865,50528064,50528179,50528534,4973,"8,2,10","3,0,5","1,0,0","0,5,4",264,149,0.000117001612718,0.00412507256567022,"0.601,1.0,0.53","1.0,0.0,0.0",0.377
9389,"ENSG00000033100.17","CHPF2","chr7","+",151236407,151237172,151236407,151236590,151236955,151237172,9389,"18,6,16","0,0,0","7,14,14","0,3,3",514,149,0.000124146495295,0.00435417968394026,"1.0,1.0,1.0","1.0,0.575,0.575",0.283
1008,"ENSG00000089685.15","BIRC5","chr17","+",78215965,78216781,78215965,78216066,78216663,78216781,1008,"8,31,37","0,0,1","21,39,19","4,0,3",746,149,0.000146121665363,0.0049116271058228,"1.0,1.0,0.881","0.512,1.0,0.558",0.27
8409,"ENSG00000177595.19","PIDD1","chr11","-",800761,801120,800761,800912,801001,801120,8409,"17,21,10","0,2,0","10,43,13","7,12,0",238,149,0.000161502044258,0.00533115081388908,"1.0,0.868,1.0","0.472,0.692,1.0",0.235
5535,"ENSG00000213199.8","ASIC3","chr7","+",151052165,151052474,151052165,151052237,151052415,151052474,5535,"10,2,4","1,0,0","11,20,19","6,2,2",327,149,0.000169018560465,0.00547197589505438,"0.82,1.0,1.0","0.455,0.82,0.812",0.244
2280,"ENSG00000049283.19","EPN3","chr17","+",50536420,50537118,50536420,50536625,50536707,50537118,2280,"24,44,67","3,2,15","47,69,61","0,4,1",231,149,0.000177202686392,0.00570948751274511,"0.838,0.934,0.742","1.0,0.918,0.975",-0.126
257,"ENSG00000100360.15","IFT27","chr22","-",36758210,36764036,36758210,36758409,36763918,36764036,257,"142,180,203","1,5,3","102,216,110","9,17,7",5658,149,0.000180765491583,0.0057965467634282,"0.789,0.487,0.641","0.23,0.251,0.293",0.381
2563,"ENSG00000291151.1","NSUN5P1","chr7","+",75415591,75416191,75415591,75415778,75415980,75416191,2563,"14,21,52","3,0,0","60,59,19","9,11,6",351,149,0.000185979748714,0.00593548638786766,"0.665,1.0,1.0","0.739,0.695,0.573",0.219
5123,"ENSG00000003509.16","NDUFAF7","chr2","+",37241577,37242693,37241577,37241637,37242634,37242693,5123,"72,126,82","0,0,2","80,100,53","4,0,9",1146,149,0.000198724107111,0.00627911961929759,"1.0,1.0,0.842","0.722,1.0,0.434",0.229
1178,"ENSG00000275832.5","ARHGAP23","chr17","+",38477578,38477896,38477578,38477705,38477827,38477896,1178,"129,99,126","1,6,0","112,151,78","6,6,15",271,149,0.000205298025232,0.0064003560273717,"0.986,0.901,1.0","0.911,0.933,0.741",0.101
1853,"ENSG00000213614.11","HEXA","chr15","-",72345676,72346325,72345676,72345776,72346234,72346325,1853,"6,20,33","1,3,9","29,10,11","0,0,2",607,149,0.000207039335529,0.00640939744445584,"0.596,0.621,0.474","1.0,1.0,0.574",-0.294
4876,"ENSG00000090861.17","AARS1","chr16","-",70253267,70253800,70253267,70253381,70253665,70253800,4876,"17,27,41","0,2,0","24,35,15","9,0,4",433,149,0.000207491630961,0.00640939744445584,"1.0,0.823,1.0","0.479,1.0,0.563",0.26
5185,"ENSG00000206503.15","HLA-A","chr6","+",29944499,29945091,29944499,29944616,29945062,29945091,5185,"48,62,132","9,4,0","149,97,124","1,2,0",595,149,0.000227490408599,0.00693176656789894,"0.572,0.795,1.0","0.974,0.924,1.0",-0.177
5862,"ENSG00000117616.18","RSRP1","chr1","-",25243549,25245301,25243549,25244224,25245149,25245301,5862,"37,23,26","3,0,3","26,19,17","0,0,1",1074,149,0.000229222774677,0.006953090831869,"0.631,1.0,0.546","1.0,1.0,0.702",-0.175
2596,"ENSG00000086189.11","DIMT1","chr5","-",62390875,62392990,62390875,62390982,62392925,62392990,2596,"28,32,16","1,2,0","18,12,13","4,5,6",2092,149,0.000238190549778,0.00712877849868912,"0.666,0.533,1.0","0.243,0.146,0.134",0.559
6649,"ENSG00000182173.14","TSEN54","chr17","+",75521704,75523335,75521704,75522521,75523249,75523335,6649,"73,56,90","4,2,2","90,82,63","0,1,0",877,149,0.000237186590685,0.00712877849868912,"0.756,0.826,0.884","1.0,0.933,1.0",-0.156
8453,"ENSG00000153234.16","NR4A2","chr2","-",156326149,156326328,156326149,156326207,156326311,156326328,8453,"47,42,75","4,9,0","50,62,35","2,0,0",253,149,0.000245170247931,0.0072457114163996,"0.874,0.733,1.0","0.936,1.0,1.0",-0.11
7240,"ENSG00000197580.13","BCO2","chr11","+",112193473,112193994,112193473,112193697,112193878,112193994,7240,"1,1,5","4,1,4","0,0,0","6,2,15",330,149,0.000248110626431,0.00729596925059543,"0.101,0.311,0.361","0.0,0.0,0.0",0.258
8836,"ENSG00000151150.22","ANK3","chr10","-",60059339,60060006,60059339,60059430,60059697,60060006,8836,"4,0,2","10,24,13","4,18,6","13,12,15",416,149,0.000253895040448,0.00743360522772536,"0.125,0.0,0.052","0.099,0.349,0.125",-0.132
7375,"ENSG00000136247.15","ZDHHC4","chr7","+",6577433,6577720,6577433,6577498,6577589,6577720,7375,"43,61,26","36,82,56","59,103,62","29,59,43",240,149,0.000266096904006,0.00775712792890218,"0.426,0.316,0.224","0.558,0.52,0.472",-0.195
1102,"ENSG00000099840.14","IZUMO4","chr19","+",2097928,2098127,2097928,2097955,2098051,2098127,1102,"1,0,0","4,2,9","0,2,8","5,1,3",245,149,0.000273496965786,0.00793848520518502,"0.132,0.0,0.0","0.0,0.549,0.619",-0.345
9047,"ENSG00000241370.6","RPP21","chr6","+",30345297,30346557,30345297,30345398,30346431,30346557,9047,"17,12,14","3,0,2","29,27,50","0,0,0",1182,149,0.000297770194524,0.00849654444883312,"0.417,1.0,0.469","1.0,1.0,1.0",-0.371
7732,"ENSG00000288558.3","DUS4L-BCAP29","chr7","+",107563970,107564676,107563970,107564247,107564587,107564676,7732,"24,39,31","2,5,0","15,43,23","0,0,0",489,149,0.000299251303833,0.00850277755279081,"0.785,0.704,1.0","1.0,1.0,1.0",-0.17
5064,"ENSG00000291129.1","PPIEL","chr1","-",39547578,39548951,39547578,39547629,39548861,39548951,5064,"2,10,2","0,0,0","15,13,6","1,4,0",1381,149,0.000314686023225,0.00890376336301323,"1.0,1.0,1.0","0.618,0.26,1.0",0.374
7853,"ENSG00000102901.13","CENPT","chr16","-",67832227,67832545,67832227,67832354,67832454,67832545,7853,"0,0,2","1,3,4","3,2,3","5,1,0",249,149,0.000319588776513,0.00896712842099393,"0.0,0.0,0.23","0.264,0.545,1.0",-0.526
10188,"ENSG00000092098.18","RNF31","chr14","+",24150597,24151379,24150597,24150888,24151298,24151379,10188,"214,267,223","10,1,6","249,328,212","11,22,19",559,149,0.000336797423907,0.00937187542392454,"0.851,0.986,0.908","0.858,0.799,0.748",0.113
4023,"ENSG00000145907.16","G3BP1","chr5","+",151795478,151797428,151795478,151795575,151797196,151797428,4023,"9,4,17","1,0,0","4,10,13","1,4,0",1770,149,0.000341515816877,0.00946406383065727,"0.431,1.0,1.0","0.252,0.174,1.0",0.335
4069,"ENSG00000188004.11","SNHG28","chr1","-",159837916,159841235,159837916,159838027,159841125,159841235,4069,"1,3,2","1,0,2","4,8,6","1,0,0",3247,149,0.000348950858358,0.0095521751226942,"0.044,1.0,0.044","0.155,1.0,1.0",-0.356
6687,"ENSG00000100911.16","PSME2","chr14","-",24145709,24146240,24145709,24145896,24146207,24146240,6687,"21,16,16","17,21,19","11,11,5","14,37,39",460,149,0.000372826449735,0.0101644263664595,"0.286,0.198,0.214","0.203,0.088,0.04",0.122
7937,"ENSG00000170949.18","ZNF160","chr19","-",53091412,53091720,53091412,53091529,53091636,53091720,7937,"3,4,3","6,17,32","14,10,8","16,12,1",256,149,0.000374967704577,0.0101815827525061,"0.225,0.12,0.052","0.337,0.327,0.823",-0.363
4917,"ENSG00000169598.17","DFFB","chr1","+",3883506,3885429,3883506,3883800,3885037,3885429,4917,"241,315,295","2,8,9","325,319,307","1,4,0",1386,149,0.000397235927683,0.0106150267341957,"0.928,0.809,0.779","0.972,0.896,1.0",-0.117
1335,"ENSG00000132522.16","GPS2","chr17","-",7313028,7313291,7313028,7313097,7313211,7313291,1335,"36,59,42","9,3,6","62,87,61","6,0,0",263,149,0.00045456858275,0.0116643208711362,"0.694,0.918,0.799","0.854,1.0,1.0",-0.148
5861,"ENSG00000117616.18","RSRP1","chr1","-",25243549,25245301,25243549,25243633,25245149,25245301,5861,"219,162,221","27,15,33","120,128,100","27,35,24",1665,149,0.000480722781745,0.012215800801022,"0.421,0.491,0.375","0.285,0.247,0.272",0.161
2551,"ENSG00000151092.18","NGLY1","chr3","-",25736308,25737455,25736308,25736400,25737333,25737455,2551,"14,18,25","11,4,11","3,14,1","9,11,11",1082,149,0.000490890709739,0.0124272858623399,"0.149,0.383,0.238","0.044,0.149,0.012",0.188
1603,"ENSG00000188603.22","CLN3","chr16","-",28482326,28482672,28482326,28482382,28482607,28482672,1603,"2,2,0","0,0,1","2,1,0","8,0,3",374,149,0.000499765751938,0.0125575469162332,"1.0,1.0,0.0","0.091,1.0,0.0",0.303
10238,"ENSG00000155980.13","KIF5A","chr12","+",57582601,57583215,57582601,57582629,57583100,57583215,10238,"4,4,2","10,5,17","15,7,7","6,9,4",620,149,0.00051539131526,0.012854241173929,"0.088,0.161,0.027","0.375,0.157,0.296",-0.184
1227,"ENSG00000141646.17","SMAD4","chr18","+",51076637,51077419,51076637,51076776,51077306,51077419,1227,"5,6,0","10,22,3","11,6,3","5,2,3",679,149,0.000519539900701,0.0129098955399282,"0.099,0.056,0.0","0.326,0.397,0.18",-0.249
9250,"ENSG00000255508.7","ENSG00000255508","chr11","-",62572583,62574908,62572583,62572742,62574676,62574908,9250,"75,110,127","0,2,0","183,214,129","6,4,2",2083,149,0.000527628880178,0.0130187925118367,"1.0,0.797,1.0","0.686,0.793,0.822",0.165
7815,"ENSG00000142541.18","RPL13A","chr19","+",49489849,49490864,49489849,49490297,49490778,49490864,7815,"42,21,42","0,0,2","84,82,60","3,7,4",630,149,0.000544266789044,0.0133762502095704,"1.0,1.0,0.832","0.869,0.735,0.78",0.149
7108,"ENSG00000090316.16","MAEA","chr4","+",1336860,1338617,1336860,1336994,1338425,1338617,7108,"26,19,40","0,7,1","35,48,40","0,1,0",1580,149,0.000551598866518,0.0135071518804808,"1.0,0.204,0.79","1.0,0.819,1.0",-0.275
3348,"ENSG00000247708.8","STX18-AS1","chr4","+",4648976,4649542,4648976,4649109,4649372,4649542,3348,"10,2,1","0,1,6","2,6,6","1,0,0",412,149,0.00057299147055,0.013879584757855,"1.0,0.42,0.057","0.42,1.0,1.0",-0.314
4469,"ENSG00000134222.16","PSRC1","chr1","-",109280776,109281251,109280776,109281046,109281136,109281251,4469,"25,46,44","35,65,87","18,32,28","87,118,55",239,149,0.000614350319418,0.0146184984132891,"0.308,0.306,0.24","0.114,0.145,0.241",0.118
9974,"ENSG00000126581.13","BECN1","chr17","-",42818543,42819609,42818543,42818680,42819547,42819609,9974,"25,40,20","2,4,0","28,23,29","0,1,0",1016,149,0.000656321874353,0.015259766094706,"0.647,0.595,1.0","1.0,0.771,1.0",-0.176
9555,"ENSG00000067182.9","TNFRSF1A","chr12","-",6330852,6331993,6330852,6330926,6331875,6331993,9555,"112,98,121","20,32,35","122,157,124","11,21,16",1098,149,0.000659916054292,0.0152710471120355,"0.432,0.294,0.319","0.601,0.504,0.513",-0.191
7699,"ENSG00000105819.15","PMPCB","chr7","+",103300177,103304040,103300177,103300307,103303985,103304040,7699,"446,552,527","2,2,0","429,488,404","10,4,2",3827,149,0.000698912091674,0.016063051280999,"0.897,0.915,1.0","0.626,0.826,0.887",0.158
7379,"ENSG00000239382.11","ALKBH6","chr19","-",36013020,36013422,36013020,36013089,36013309,36013422,7379,"3,7,8","0,0,0","14,12,4","5,1,0",369,149,0.000702046588593,0.016080209957773,"1.0,1.0,1.0","0.531,0.829,1.0",0.213
6695,"ENSG00000100867.15","DHRS2","chr14","+",23639793,23643219,23639793,23639895,23641665,23643219,6695,"2,7,16","1,0,3","11,2,6","0,0,0",1919,149,0.000711572044578,0.0162431394853839,"0.134,1.0,0.293","1.0,1.0,1.0",-0.524
4832,"ENSG00000160753.17","RUSC1","chr1","+",155325863,155327132,155325863,155325910,155326609,155327132,4832,"25,29,45","0,2,6","45,53,41","0,0,2",848,149,0.000720076241776,0.016381734500404,"1.0,0.718,0.569","1.0,1.0,0.783",-0.165
6063,"ENSG00000290571.1","GOLGA2P5","chr12","-",100157164,100157739,100157164,100157445,100157527,100157739,6063,"1,2,0","4,0,3","0,2,1","1,0,0",231,149,0.000729261193637,0.016392467239862,"0.139,1.0,0.0","0.0,1.0,1.0",-0.287
8710,"ENSG00000185024.18","BRF1","chr14","-",105219150,105220130,105219150,105219298,105220068,105220130,8710,"0,9,2","4,2,2","6,2,12","0,1,1",919,149,0.000730285145821,0.016392467239862,"0.0,0.422,0.14","1.0,0.245,0.661",-0.448
4092,"ENSG00000176783.15","RUFY1","chr5","+",179559691,179560198,179559691,179559835,179560024,179560198,4092,"111,89,78","17,19,25","126,102,49","7,11,6",338,149,0.000760164037506,0.0168942066949353,"0.742,0.674,0.579","0.888,0.803,0.783",-0.16
7149,"ENSG00000139168.9","ZCRB1","chr12","-",42322417,42324104,42322417,42322446,42324067,42324104,7149,"125,185,177","0,0,0","148,163,108","8,0,0",1770,149,0.000769548109312,0.0170465031845625,"1.0,1.0,1.0","0.609,1.0,1.0",0.13
4606,"ENSG00000144591.20","GMPPA","chr2","+",219504082,219505362,219504082,219504218,219505227,219505362,4606,"6,15,23","0,0,1","10,6,3","1,0,3",1158,149,0.0008121175998,0.0177558438865364,"1.0,1.0,0.747","0.563,1.0,0.114",0.357
3407,"ENSG00000267278.6","MAP3K14-AS1","chr17","+",45267112,45267490,45267112,45267328,45267415,45267490,3407,"7,4,8","0,4,2","5,0,0","3,9,1",236,149,0.000832690689577,0.0179453498916391,"1.0,0.387,0.716","0.513,0.0,0.0",0.53
7235,"ENSG00000188368.11","PRR19","chr19","+",42309578,42310813,42309578,42310185,42310270,42310813,7235,"2,0,0","15,13,2","4,0,4","2,7,6",234,149,0.000826266940246,0.0179453498916391,"0.078,0.0,0.0","0.56,0.0,0.298",-0.26
8902,"ENSG00000181929.13","PRKAG1","chr12","-",49005305,49005543,49005305,49005391,49005461,49005543,8902,"1,0,3","1,4,0","5,7,4","0,0,1",219,149,0.000826361821293,0.0179453498916391,"0.405,0.0,1.0","1.0,1.0,0.731",-0.442
2385,"ENSG00000131469.15","RPL27","chr17","+",42998418,43000102,42998418,42998471,42999932,43000102,2385,"289,301,395","12,20,15","431,697,477","13,1,13",1610,149,0.00084224332183,0.017948311801276,"0.69,0.582,0.709","0.754,0.985,0.773",-0.177
1884,"ENSG00000090905.19","TNRC6A","chr16","+",24805013,24805733,24805013,24805151,24805673,24805733,1884,"28,28,30","4,0,0","22,40,25","11,5,7",671,149,0.000853345508465,0.018070530358501,"0.609,1.0,1.0","0.308,0.64,0.442",0.406
1020,"ENSG00000129667.13","RHBDF2","chr17","-",76487711,76488132,76487711,76487909,76488014,76488132,1020,"10,11,8","1,2,3","13,6,9","0,0,1",254,149,0.000861244495281,0.0181806283110415,"0.854,0.763,0.61","1.0,1.0,0.841",-0.205
4432,"ENSG00000125459.18","MSTO1","chr1","+",155611215,155611603,155611215,155611355,155611548,155611603,4432,"2,2,0","3,10,5","5,7,4","8,3,1",342,149,0.000909565881959,0.0191406770284747,"0.225,0.08,0.0","0.214,0.504,0.635",-0.349
8137,"ENSG00000178821.13","TMEM52","chr1","-",1918892,1919088,1918892,1918934,1919044,1919088,8137,"37,21,57","32,27,65","54,70,39","30,40,20",259,149,0.000976126076238,0.0204416086577498,"0.399,0.309,0.335","0.509,0.502,0.529",-0.166
351,"ENSG00000205581.11","HMGN1","chr21","-",39345829,39347292,39345829,39345958,39347246,39347292,351,"100,93,91","4,9,3","71,61,76","1,0,2",1437,149,0.000980704330458,0.0204460153600748,"0.722,0.517,0.759","0.88,1.0,0.798",-0.227
9659,"ENSG00000095906.17","NUBP2","chr16","+",1786536,1786955,1786536,1786655,1786737,1786955,9659,"5,7,26","5,25,24","29,21,9","2,7,7",231,149,0.000985762760247,0.0204880445293312,"0.392,0.153,0.411","0.903,0.659,0.453",-0.353
3658,"ENSG00000114745.15","GORASP1","chr3","-",39100304,39100877,39100304,39100454,39100746,39100877,3658,"28,45,45","3,4,1","24,47,24","8,8,8",441,149,0.00101978847772,0.0210652012544984,"0.759,0.792,0.938","0.503,0.665,0.503",0.273
275,"ENSG00000167065.14","DUSP18","chr22","-",30661444,30664080,30661444,30663728,30663838,30664080,275,"33,44,43","3,6,0","61,38,28","13,12,6",259,149,0.00107938339565,0.0221066853987421,"0.864,0.808,1.0","0.73,0.646,0.729",0.189
4123,"ENSG00000291137.1","GBA1LP","chr1","-",155215562,155215787,155215562,155215651,155215761,155215787,4123,"6,1,6","1,1,3","3,7,1","0,0,0",259,149,0.0010886846196,0.0222157643284436,"0.775,0.365,0.535","1.0,1.0,1.0",-0.442
5541,"ENSG00000176919.13","C8G","chr9","+",136946650,136946974,136946650,136946689,136946767,136946974,5541,"0,0,0","1,4,24","0,2,4","2,2,1",227,149,0.00109525641234,0.0222605523903523,"0.0,0.0,0.0","0.0,0.396,0.724",-0.373
6584,"ENSG00000163703.20","CRELD1","chr3","+",9933829,9934612,9933829,9933920,9934419,9934612,6584,"48,26,46","20,16,21","37,30,28","48,23,26",648,149,0.00109749085144,0.0222605523903523,"0.356,0.272,0.335","0.151,0.231,0.198",0.128
5571,"ENSG00000161203.14","AP2M1","chr3","+",184180168,184180650,184180168,184180251,184180644,184180650,5571,"2,19,25","2,87,53","23,15,15","128,0,0",542,149,0.00111672630657,0.02258268753286,"0.216,0.057,0.115","0.047,1.0,1.0",-0.553
9087,"ENSG00000179532.13","DNHD1","chr11","+",6570008,6571423,6570008,6570100,6570617,6571423,9087,"14,6,2","1,4,0","6,2,7","0,0,0",666,149,0.00115017929175,0.0231203204496851,"0.758,0.251,1.0","1.0,1.0,1.0",-0.33
8298,"ENSG00000160948.14","VPS28","chr8","-",144424945,144426208,144424945,144425772,144426179,144426208,8298,"15,12,15","0,4,0","9,12,9","5,11,2",556,149,0.00122293371497,0.0241502511337477,"1.0,0.446,1.0","0.325,0.226,0.547",0.449
5370,"ENSG00000143575.16","HAX1","chr1","+",154273335,154273961,154273335,154273598,154273749,154273961,5370,"6,19,10","8,7,5","7,6,3","15,11,14",300,149,0.00124486289159,0.0245114231344066,"0.271,0.574,0.498","0.188,0.213,0.096",0.282
2349,"ENSG00000125124.14","BBS2","chr16","-",56509356,56510034,56509356,56509494,56509956,56510034,2349,"0,4,0","1,0,2","0,2,4","1,0,0",611,149,0.00127606168668,0.0249796494130905,"0.0,1.0,0.0","0.0,1.0,1.0",-0.333
7448,"ENSG00000291171.1","ENSG00000291171","chr12","+",132103996,132105304,132103996,132104170,132104377,132105304,7448,"1,1,0","12,5,2","2,4,6","8,7,16",356,149,0.00130339820397,0.025294188776755,"0.034,0.077,0.0","0.095,0.193,0.136",-0.104
559,"ENSG00000142546.14","NOSIP","chr19","-",49557089,49558978,49557089,49558199,49558896,49558978,559,"38,20,63","2,1,2","17,32,19","9,3,3",846,149,0.00132469126817,0.0256335373559103,"0.77,0.779,0.847","0.25,0.653,0.527",0.322
1815,"ENSG00000250988.8","SNHG21","chr15","+",82756903,82757206,82756903,82756939,82757045,82757206,1815,"37,15,16","0,0,0","30,47,35","9,0,0",255,149,0.00133339328235,0.0256742178645732,"1.0,1.0,1.0","0.661,1.0,1.0",0.113
8773,"ENSG00000148444.16","COMMD3","chr10","+",22318271,22319018,22318271,22318306,22318958,22319018,8773,"37,45,53","1,4,1","50,45,41","4,12,11",801,149,0.00135034059956,0.0257597552335327,"0.873,0.677,0.908","0.699,0.411,0.409",0.313
4576,"ENSG00000142910.16","TINAGL1","chr1","+",31583148,31584801,31583148,31583241,31584677,31584801,4576,"55,49,52","2,0,0","69,58,60","4,0,5",1585,149,0.00138188250013,0.0261393167299871,"0.721,1.0,1.0","0.619,1.0,0.53",0.191
1305,"ENSG00000178971.17","CTC1","chr17","-",8228502,8229206,8228502,8228629,8229141,8229206,1305,"7,9,17","1,0,0","20,24,17","0,2,4",661,149,0.00142979844389,0.0268141288820163,"0.612,1.0,1.0","1.0,0.73,0.489",0.131
10040,"ENSG00000120699.14","EXOSC8","chr13","+",37002933,37004561,37002933,37003007,37004476,37004561,10040,"55,48,61","1,0,0","52,31,37","2,1,1",1618,149,0.0014396859488,0.0268141288820163,"0.835,1.0,1.0","0.705,0.741,0.773",0.205
471,"ENSG00000101310.17","SEC23B","chr20","+",18507939,18508297,18507939,18507990,18508090,18508297,471,"15,16,18","1,0,0","17,19,22","1,1,5",249,149,0.00145740015179,0.026961902808115,"0.9,1.0,1.0","0.91,0.919,0.725",0.115
7329,"ENSG00000112531.17","QKI","chr6","+",163563419,163570145,163563419,163563719,163565945,163570145,7329,"22,38,32","0,0,2","11,20,8","6,1,0",2375,149,0.00151051093157,0.027716023469189,"1.0,1.0,0.501","0.103,0.556,1.0",0.281
4806,"ENSG00000232940.8","HCG25","chr6","+",33249789,33250711,33249789,33249889,33250608,33250711,4806,"124,114,168","0,13,20","163,158,191","0,0,7",868,149,0.00151721230829,0.0277633360978936,"1.0,0.601,0.59","1.0,1.0,0.824",-0.211
9504,"ENSG00000248712.8","CCDC153","chr11","-",119193150,119193885,119193150,119193243,119193765,119193885,9504,"8,23,10","2,19,14","1,9,0","23,7,5",671,149,0.00167775595473,0.0299681925706945,"0.47,0.212,0.137","0.01,0.222,0.0",0.196
8972,"ENSG00000244687.13","UBE2V1","chr20","-",50115484,50115954,50115484,50115621,50115698,50115954,8972,"12,14,34","5,6,7","22,20,22","2,3,0",226,149,0.00168726150942,0.0300582513344822,"0.613,0.606,0.762","0.879,0.815,1.0",-0.238
2703,"ENSG00000136883.16","KIF12","chr9","-",114098114,114098429,114098114,114098190,114098301,114098429,2703,"10,3,25","2,0,1","25,8,8","2,4,8",260,149,0.00171948913912,0.0305515563663168,"0.741,1.0,0.935","0.878,0.534,0.364",0.3
4251,"ENSG00000001631.17","KRIT1","chr7","-",92245426,92245914,92245426,92245676,92245843,92245914,4251,"8,26,10","0,0,0","11,30,4","4,2,0",316,149,0.00176444469144,0.0311041113930811,"1.0,1.0,1.0","0.565,0.876,1.0",0.186
4815,"ENSG00000004455.18","AK2","chr1","-",33012073,33013402,33012073,33012122,33013206,33013402,4815,"704,663,742","20,20,22","647,728,566","32,31,38",1233,149,0.00178642810274,0.0312669627656265,"0.81,0.8,0.803","0.71,0.739,0.643",0.107
9862,"ENSG00000233184.9","DPH5-DT","chr1","+",101080388,101083574,101080388,101080613,101083460,101083574,9862,"26,36,19","2,0,2","35,32,14","0,0,0",2996,149,0.00186221899304,0.0323200585029159,"0.393,1.0,0.321","1.0,1.0,1.0",-0.429
5563,"ENSG00000196998.19","WDR45","chrX","-",49100581,49101144,49100581,49100677,49101049,49101144,5563,"24,47,63","0,0,2","39,56,46","1,0,9",521,149,0.00191754548251,0.0331089438562421,"1.0,1.0,0.9","0.918,1.0,0.594",0.129
8120,"ENSG00000148187.18","MRRF","chr9","+",122285168,122285946,122285168,122285287,122285779,122285946,8120,"26,49,45","0,11,0","37,23,28","0,0,1",641,149,0.00195715636508,0.0334504846762658,"1.0,0.509,1.0","1.0,1.0,0.867",-0.119
5357,"ENSG00000291064.1","RPL23AP7","chr22","+",50788749,50789354,50788749,50788802,50788891,50789354,5357,"5,11,13","0,0,0","9,16,11","4,2,0",238,149,0.00198383476585,0.0335656867166681,"1.0,1.0,1.0","0.585,0.834,1.0",0.194
9324,"ENSG00000133884.11","DPF2","chr11","+",65343990,65344621,65343990,65344069,65344579,65344621,9324,"0,0,1","2,6,5","1,0,16","13,4,5",659,149,0.00200594718935,0.0337848402604122,"0.0,0.0,0.043","0.017,0.0,0.42",-0.131
5129,"ENSG00000116198.14","CEP104","chr1","-",3837291,3839119,3837291,3837345,3838963,3839119,5129,"88,57,78","8,3,5","63,81,51","14,15,8",1767,149,0.00207919495151,0.0344012255613473,"0.481,0.616,0.568","0.275,0.313,0.35",0.242
722,"ENSG00000196684.12","HSH2D","chr19","+",16152551,16153208,16152551,16152641,16153031,16153208,722,"61,44,64","0,7,0","23,58,40","13,13,2",539,149,0.00212410035994,0.0349287168286598,"1.0,0.635,1.0","0.328,0.552,0.847",0.303
8980,"ENSG00000115392.13","FANCL","chr2","-",58161521,58163517,58161521,58161638,58163433,58163517,8980,"163,134,119","6,10,8","80,88,86","0,3,1",1944,149,0.00212663705075,0.0349287168286598,"0.676,0.507,0.533","1.0,0.692,0.868",-0.281
9491,"ENSG00000172269.20","DPAGT1","chr11","-",119097141,119097551,119097141,119097297,119097444,119097551,9491,"3,9,0","0,0,5","0,3,0","2,2,1",296,149,0.00218744664454,0.0356070185496498,"1.0,1.0,0.0","0.0,0.43,0.0",0.523
3078,"ENSG00000161914.10","ZNF653","chr19","-",11486986,11487903,11486986,11487158,11487291,11487903,3078,"9,1,21","30,35,24","0,2,12","63,56,39",282,149,0.00232327068765,0.0370732341484244,"0.137,0.015,0.316","0.0,0.019,0.14",0.103
2019,"ENSG00000162004.19","CCDC78","chr16","-",722921,723161,722921,723022,723094,723161,2019,"5,7,0","2,5,1","0,3,0","13,2,9",221,149,0.00235331356329,0.037287561259282,"0.628,0.486,0.0","0.0,0.503,0.0",0.204
7933,"ENSG00000133460.20","SLC2A11","chr22","+",23882758,23884024,23882758,23882869,23883873,23884024,7933,"33,31,34","0,0,0","37,38,21","8,0,0",1153,149,0.00234388467031,0.037287561259282,"1.0,1.0,1.0","0.374,1.0,1.0",0.209
1089,"ENSG00000005884.18","ITGA3","chr17","+",50076583,50077447,50076583,50076681,50077378,50077447,1089,"51,46,53","19,12,34","42,35,17","26,48,14",846,149,0.00246918630425,0.0385788876399524,"0.321,0.403,0.215","0.221,0.114,0.176",0.143
8118,"ENSG00000182253.15","SYNM","chr15","+",99129366,99135593,99129366,99131813,99132749,99135593,8118,"61,73,98","2,2,2","62,74,47","0,1,0",1085,149,0.00253916271459,0.0393979763134771,"0.807,0.834,0.871","1.0,0.91,1.0",-0.133
890,"ENSG00000099622.14","CIRBP","chr19","+",1271980,1274440,1271980,1272051,1274306,1274440,890,"2352,2679,3126","35,98,77","3054,3455,2650","109,155,111",2404,149,0.00257182275592,0.0396961805691335,"0.806,0.629,0.716","0.635,0.58,0.597",0.113
9406,"ENSG00000101158.15","NELFCD","chr20","+",58993623,58994239,58993623,58993675,58994109,58994239,9406,"208,255,285","23,17,19","230,277,222","16,10,0",583,149,0.00262714762426,0.0402988886145031,"0.698,0.793,0.793","0.786,0.876,1.0",-0.126
5832,"ENSG00000236682.4","MAP3K2-DT","chr2","+",127388183,127388998,127388183,127388311,127388880,127388998,5832,"9,0,0","21,12,8","16,9,9","10,20,21",718,149,0.00264508035816,0.0403899572150781,"0.082,0.0,0.0","0.249,0.085,0.082",-0.111
7975,"ENSG00000174365.22","SNHG11","chr20","+",38446671,38447623,38446671,38447076,38447465,38447623,7975,"30,22,36","0,0,0","24,24,22","0,7,0",538,149,0.00267102113726,0.0406937926206082,"1.0,1.0,1.0","1.0,0.487,1.0",0.171
3345,"ENSG00000006744.19","ELAC2","chr17","-",13002273,13002579,13002273,13002359,13002445,13002579,3345,"6,4,6","0,5,1","5,16,9","1,0,0",235,149,0.0028204240684,0.0426803048912485,"1.0,0.337,0.792","0.76,1.0,1.0",-0.21
1763,"ENSG00000102977.18","ACD","chr16","-",67659228,67659613,67659228,67659263,67659536,67659613,1763,"3,2,0","0,4,7","14,8,1","0,0,3",422,149,0.0028399169202,0.0428457205696406,"1.0,0.15,0.0","1.0,1.0,0.105",-0.318
3480,"ENSG00000108654.16","DDX5","chr17","-",64502161,64503098,64502161,64502223,64502925,64503098,3480,"41,80,31","0,1,0","70,49,36","4,2,0",851,149,0.00293384358788,0.0435206118364398,"1.0,0.933,1.0","0.754,0.811,1.0",0.123
10175,"ENSG00000213983.12","AP1G2","chr14","-",23563583,23563856,23563583,23563609,23563715,23563856,10175,"9,34,44","0,0,2","25,30,13","3,3,1",255,149,0.00293411906352,0.0435206118364398,"1.0,1.0,0.928","0.83,0.854,0.884",0.12
6006,"ENSG00000186115.13","CYP4F2","chr19","-",15892308,15892582,15892308,15892436,15892528,15892582,6006,"2,4,0","4,4,5","0,0,0","1,2,6",241,149,0.00295504254901,0.0436387204496345,"0.236,0.382,0.0","0.0,0.0,0.0",0.206
654,"ENSG00000267796.8","LIN37","chr19","+",35753086,35754157,35753086,35753193,35754016,35754157,654,"63,69,68","4,1,1","102,93,68","1,0,0",972,149,0.00299519471932,0.0438732746932163,"0.707,0.914,0.912","0.94,1.0,1.0",-0.136
4985,"ENSG00000115677.18","HDLBP","chr2","-",241268953,241269295,241268953,241269105,241269200,241269295,4985,"43,29,64","11,1,3","16,28,12","3,12,8",244,149,0.00299191188644,0.0438732746932163,"0.705,0.947,0.929","0.765,0.588,0.478",0.25
9989,"ENSG00000185163.10","DDX51","chr12","-",132140830,132141420,132140830,132141020,132141102,132141420,9989,"0,6,4","1,0,0","3,1,1","2,3,0",231,149,0.00299698639128,0.0438732746932163,"0.0,1.0,1.0","0.492,0.177,1.0",0.11
8422,"ENSG00000159899.16","NPR2","chr9","+",35801642,35802000,35801642,35801763,35801925,35802000,8422,"0,3,0","4,11,12","6,5,0","9,11,4",311,149,0.00302956186519,0.0442110590633439,"0.0,0.116,0.0","0.242,0.179,0.0",-0.102
6653,"ENSG00000006062.18","MAP3K14","chr17","-",45270412,45271221,45270412,45270563,45270851,45271221,6653,"6,1,6","5,4,1","0,1,2","3,2,7",437,149,0.00313082934236,0.0452424995524726,"0.29,0.079,0.672","0.0,0.146,0.089",0.269
6152,"ENSG00000109184.15","DCUN1D4","chr4","+",51886567,51887244,51886567,51886638,51887122,51887244,6152,"10,6,22","0,4,1","6,8,7","0,0,0",633,149,0.00314465110694,0.0453449262401155,"1.0,0.261,0.838","1.0,1.0,1.0",-0.3
3770,"ENSG00000230798.7","FOXD3-AS1","chr1","-",63321624,63322474,63321624,63322080,63322315,63322474,3770,"14,32,26","0,2,0","16,33,18","6,0,1",384,149,0.00335187938397,0.0479226237190106,"1.0,0.861,1.0","0.509,1.0,0.875",0.159
6511,"ENSG00000291132.1","ENSG00000291132","chr1","-",32239868,32240847,32239868,32240050,32240640,32240847,6511,"30,23,42","0,0,0","32,21,5","0,8,0",739,149,0.00334828227536,0.0479226237190106,"1.0,1.0,1.0","1.0,0.346,1.0",0.218
4416,"ENSG00000164609.10","SLU7","chr5","-",160418595,160419081,160418595,160418685,160419022,160419081,4416,"16,38,29","1,0,0","26,7,5","1,0,5",486,149,0.00337939240267,0.0482136195753809,"0.831,1.0,1.0","0.889,1.0,0.235",0.236
3435,"ENSG00000138678.11","GPAT3","chr4","+",83536107,83536763,83536107,83536206,83536503,83536763,3435,"160,168,207","14,11,47","189,247,179","14,8,9",446,149,0.00342228725852,0.0483568458466584,"0.792,0.836,0.595","0.819,0.912,0.869",-0.126
3841,"ENSG00000215021.10","PHB2","chr12","-",6968410,6970280,6968410,6968587,6970195,6970280,3841,"119,132,65","0,0,61","142,189,122","0,0,0",1757,149,0.00343656259838,0.0483568458466584,"1.0,1.0,0.083","1.0,1.0,1.0",-0.306
2817,"ENSG00000064601.21","CTSA","chr20","+",45894993,45897806,45894993,45895133,45897716,45897806,2817,"21,58,53","0,8,0","23,65,57","0,0,0",2732,149,0.00348007127946,0.0488224999914242,"1.0,0.283,1.0","1.0,1.0,1.0",-0.239
2302,"ENSG00000186594.16","MIR22HG","chr17","-",1711503,1714014,1711503,1712399,1713702,1714014,2302,"57,17,13","0,2,0","6,25,33","0,2,5",1452,149,0.00357341634514,0.049717738983828,"1.0,0.466,1.0","1.0,0.562,0.404",0.167
