"ID","GeneID","geneSymbol","chr","strand","X1stExonStart_0base","X1stExonEnd","X2ndExonStart_0base","X2ndExonEnd","upstreamES","upstreamEE","downstreamES","downstreamEE","ID.1","IJC_SAMPLE_1","SJC_SAMPLE_1","IJC_SAMPLE_2","SJC_SAMPLE_2","IncFormLen","SkipFormLen","PValue","FDR","IncLevel1","IncLevel2","IncLevelDifference"
4673,"ENSG00000163694.15","RBM47","chr4","-",40432650,40432862,40436440,40436647,40423266,40426143,40437770,40438924,4673,"63,65,67","12974,14683,15463","67,51,31","33,108,49",356,361,0,0,"0.005,0.004,0.004","0.673,0.324,0.391",-0.458
7810,"ENSG00000119979.18","DENND10","chr10","+",119104763,119105022,119105310,119105495,119104091,119104197,119107947,119108096,7810,"187,205,252","31,45,44","303,364,243","32,1,2",408,334,1.74305014866e-14,1.13821174707498e-10,"0.832,0.789,0.824","0.886,0.997,0.99",-0.143
7809,"ENSG00000119979.18","DENND10","chr10","+",119104763,119105006,119105310,119105495,119104116,119104197,119107967,119108164,7809,"183,205,237","29,32,23","302,363,240","22,2,2",392,334,4.19320134171e-12,1.82544031742442e-08,"0.843,0.845,0.898","0.921,0.994,0.99",-0.106
7811,"ENSG00000119979.18","DENND10","chr10","+",119104763,119105022,119105310,119105495,119104094,119104197,119107967,119108164,7811,"184,201,253","29,32,23","304,360,238","22,2,2",408,334,8.88489282147e-12,2.90091750620995e-08,"0.839,0.837,0.9","0.919,0.993,0.99",-0.109
14348,"ENSG00000162241.13","SLC25A45","chr11","-",65379375,65379561,65379866,65379938,65376817,65377076,65380131,65380175,14348,"1,13,2","12,13,21","2,15,14","0,2,0",221,335,2.25404139798e-11,5.88755613152376e-08,"0.112,0.603,0.126","1.0,0.919,1.0",-0.693
6140,"ENSG00000271383.9","NBPF19","chr1","+",149488012,149488185,149530798,149530971,149487331,149487383,149531690,149531742,6140,"1,1,0","2,2,3","5,7,7","0,0,0",322,322,3.28324034626e-11,7.14651982035927e-08,"0.333,0.333,0.0","1.0,1.0,1.0",-0.778
10968,"ENSG00000255717.9","SNHG1","chr11","-",62854518,62854551,62854887,62854938,62853800,62853833,62855132,62855216,10968,"178,589,264","88,148,140","245,263,221","264,269,238",200,182,7.03131997071e-10,1.31184341167818e-06,"0.648,0.784,0.632","0.458,0.471,0.458",0.226
14985,"ENSG00000123352.18","SPATS2","chr12","+",49406472,49406565,49441729,49441816,49371227,49371290,49460769,49461037,14985,"11,18,8","2,0,0","17,9,4","9,23,8",242,236,1.73401715209e-09,2.83078300078692e-06,"0.843,1.0,1.0","0.648,0.276,0.328",0.53
14037,"ENSG00000214063.12","TSPAN4","chr11","+",847200,847300,862549,862741,844080,844186,864436,864511,14037,"20,22,39","160,183,246","17,4,6","239,297,202",249,341,3.82349130135e-09,5.54831071062567e-06,"0.146,0.141,0.178","0.089,0.018,0.039",0.106
7791,"ENSG00000136536.15","MARCHF7","chr2","+",159714556,159714598,159715680,159715766,159712505,159712606,159729008,159729175,7791,"4,3,3","0,0,0","1,3,0","2,6,1",191,235,7.30636162682e-09,9.54210828462692e-06,"1.0,1.0,1.0","0.381,0.381,0.0",0.746
7196,"ENSG00000186007.10","LEMD1","chr1","-",205384287,205384364,205419229,205419352,205381377,205381856,205420454,205420574,7196,"14,36,34","32,30,33","3,13,5","51,61,38",272,226,1.28565430524e-08,1.52642229331222e-05,"0.267,0.499,0.461","0.047,0.15,0.099",0.31
2871,"ENSG00000053254.16","FOXN3","chr14","-",89190383,89190449,89280949,89281014,89180700,89180806,89411933,89412490,2871,"11,8,15","8,6,4","10,11,6","0,0,0",214,215,1.77494271503e-08,1.83491951141354e-05,"0.58,0.573,0.79","1.0,1.0,1.0",-0.352
10365,"ENSG00000060566.14","CREB3L3","chr19","+",4168350,4168457,4170139,4170208,4164502,4164640,4171090,4171175,10365,"8,4,2","1,0,0","4,1,0","4,3,4",256,218,1.8264895596e-08,1.83491951141354e-05,"0.872,1.0,1.0","0.46,0.221,0.0",0.73
10965,"ENSG00000255717.9","SNHG1","chr11","-",62854017,62854064,62854518,62854551,62853800,62853833,62855132,62855216,10965,"88,148,140","144,379,266","264,269,238","268,305,210",182,196,2.09458754785e-08,1.9539509553515e-05,"0.397,0.296,0.362","0.515,0.487,0.55",-0.166
6777,"ENSG00000095794.21","CREM","chr10","+",35179133,35179276,35188199,35188388,35148367,35148491,35201450,35201486,6777,"0,0,0","1,3,7","5,14,3","5,12,9",292,338,2.27545819964e-08,1.96294650352346e-05,"0.0,0.0,0.0","0.537,0.575,0.278",-0.463
5668,"ENSG00000234741.10","GAS5","chr1","-",173865470,173865547,173866760,173866796,173864143,173864304,173866990,173867043,5668,"10,5,10","3,8,6","3,8,7","0,0,0",185,226,6.73279130226e-08,4.57546458242493e-05,"0.803,0.433,0.671","1.0,1.0,1.0",-0.364
5833,"ENSG00000113456.20","RAD1","chr5","-",34913469,34913578,34913926,34914026,34909257,34909356,34914694,34914961,5833,"9,17,18","72,56,72","1,7,0","75,76,71",249,258,6.31764126569e-08,4.57546458242493e-05,"0.115,0.239,0.206","0.014,0.087,0.0",0.153
721,"ENSG00000101365.21","IDH3B","chr20","-",2658758,2658837,2659524,2659585,2658394,2658522,2660262,2660365,721,"6,18,6","0,0,0","4,12,10","2,2,10",210,228,1.43433080968e-07,8.92017160686705e-05,"1.0,1.0,1.0","0.685,0.867,0.521",0.309
14114,"ENSG00000261740.7","BOLA2-SMG1P6","chr16","-",29446801,29446922,29454015,29454075,29444397,29444499,29454190,29454318,14114,"6,5,11","138,146,136","75,118,10","100,130,101",209,270,1.74027064426e-07,0.000103308793700162,"0.053,0.042,0.095","0.492,0.54,0.113",-0.318
10961,"ENSG00000255717.9","SNHG1","chr11","-",62854017,62854058,62854518,62854551,62853800,62853833,62855132,62855216,10961,"88,148,140","127,340,244","264,269,238","240,294,185",182,190,1.82392056347e-07,0.00010356696764747,"0.42,0.312,0.375","0.535,0.489,0.573",-0.163
2872,"ENSG00000053254.16","FOXN3","chr14","-",89190383,89190449,89350671,89350808,89180700,89180806,89411933,89412490,2872,"45,36,51","8,6,4","32,34,39","0,0,0",286,215,2.03589735404e-07,0.000110786747682343,"0.809,0.819,0.906","1.0,1.0,1.0",-0.155
9037,"ENSG00000128694.12","OSGEPL1","chr2","-",189754140,189754345,189761646,189761660,189753915,189754064,189762684,189762767,9037,"0,0,0","59,69,69","6,3,3","37,33,42",163,354,2.27915444517e-07,0.000119063028215681,"0.0,0.0,0.0","0.26,0.165,0.134",-0.186
8693,"ENSG00000117640.18","MTFR1L","chr1","+",25823237,25823323,25823345,25823439,25823018,25823128,25823643,25823748,8693,"6,27,15","2,10,2","22,14,12","0,0,0",235,243,3.77449006161e-07,0.000182573482239358,"0.756,0.736,0.886","1.0,1.0,1.0",-0.207
10970,"ENSG00000255717.9","SNHG1","chr11","-",62854518,62854551,62854887,62854938,62854017,62854064,62855132,62855216,10970,"173,589,264","237,357,338","246,263,221","646,756,518",200,182,4.27411957382e-07,0.00019248276425548,"0.399,0.6,0.415","0.257,0.24,0.28",0.212
5671,"ENSG00000234741.10","GAS5","chr1","-",173865470,173865547,173866176,173866796,173864256,173864304,173866990,173867043,5671,"168,152,189","3,8,6","151,170,175","0,0,0",769,226,7.14066740515e-07,0.000276463898812989,"0.943,0.848,0.903","1.0,1.0,1.0",-0.102
7009,"ENSG00000168970.22","JMJD7-PLA2G4B","chr15","+",41841230,41841273,41841516,41841571,41841054,41841095,41841818,41841949,7009,"1,0,0","2,4,1","2,5,5","0,2,3",192,204,7.11778720186e-07,0.000276463898812989,"0.347,0.0,0.0","1.0,0.726,0.639",-0.673
9321,"ENSG00000179818.17","PCBP1-AS1","chr2","-",70055713,70055910,70083537,70083687,70051202,70051305,70085546,70085624,9321,"20,16,35","7,10,5","51,48,21","4,0,0",299,346,6.75367053726e-07,0.000276463898812989,"0.768,0.649,0.89","0.937,1.0,1.0",-0.21
9324,"ENSG00000179818.17","PCBP1-AS1","chr2","-",70055713,70055910,70083537,70083687,70053730,70053792,70085546,70085624,9324,"17,16,31","6,11,7","49,44,19","5,0,0",299,346,7.19737561994e-07,0.000276463898812989,"0.766,0.627,0.837","0.919,1.0,1.0",-0.23
9320,"ENSG00000179818.17","PCBP1-AS1","chr2","-",70055713,70055910,70083506,70083687,70051202,70051305,70085546,70085624,9320,"18,17,44","7,10,5","56,47,26","4,0,0",330,346,8.76930884131e-07,0.000327220495621453,"0.729,0.641,0.902","0.936,1.0,1.0",-0.221
5685,"ENSG00000234741.10","GAS5","chr1","-",173865509,173865547,173865856,173865952,173864143,173864304,173866176,173866206,5685,"0,7,0","6,8,4","4,2,5","0,1,1",245,187,9.5949053891e-07,0.000348081845504572,"0.0,0.4,0.0","1.0,0.604,0.792",-0.665
8348,"ENSG00000270629.7","NBPF14","chr1","-",148558251,148558424,148572442,148572615,148557490,148557542,148573229,148573338,8348,"7,6,1","6,1,3","4,4,2","0,0,0",322,322,1.05269302986e-06,0.000362386255857637,"0.538,0.857,0.25","1.0,1.0,1.0",-0.452
1676,"ENSG00000188039.17","NWD1","chr19","+",16788981,16789190,16791349,16791622,16779342,16779465,16794462,16794553,1676,"5,8,14","3,0,0","5,1,3","6,8,4",358,422,1.55630936649e-06,0.00049574147137462,"0.663,1.0,1.0","0.496,0.128,0.469",0.523
6902,"ENSG00000182185.19","RAD51B","chr14","+",68411423,68411527,68468171,68468250,68291883,68291980,68497123,68497257,6902,"19,24,22","3,8,2","9,30,21","0,0,0",253,228,1.63433364953e-06,0.000508199939591948,"0.851,0.73,0.908","1.0,1.0,1.0",-0.17
188,"ENSG00000046651.16","OFD1","chrX","+",13751248,13751368,13752703,13753441,13749426,13749533,13755150,13755242,188,"13,33,17","9,19,13","9,11,12","20,31,30",269,887,2.33606614541e-06,0.000696324048680532,"0.826,0.851,0.812","0.597,0.539,0.569",0.261
5325,"ENSG00000198707.17","CEP290","chr12","-",88130544,88130565,88131164,88131218,88130267,88130420,88136642,88136786,5325,"10,2,2","0,1,0","3,2,0","3,1,3",203,170,2.34596157289e-06,0.000696324048680532,"1.0,0.626,1.0","0.456,0.626,0.0",0.515
435,"ENSG00000182670.14","TTC3","chr21","+",37164050,37164215,37165549,37166615,37161989,37162063,37167554,37167620,435,"86,111,99","933,997,777","92,135,91","546,660,449",314,1215,2.52632024222e-06,0.000701994518370068,"0.263,0.301,0.33","0.395,0.442,0.44",-0.128
7708,"ENSG00000156502.14","SUPV3L1","chr10","+",69182519,69182654,69186442,69186550,69180280,69180562,69187641,69187756,7708,"11,21,39","49,81,103","8,8,6","85,81,72",284,257,2.65963497914e-06,0.000723642350574342,"0.169,0.19,0.255","0.078,0.082,0.07",0.128
9311,"ENSG00000179818.17","PCBP1-AS1","chr2","-",70055655,70055910,70083506,70083687,70051202,70051305,70085546,70085624,9311,"18,17,44","4,11,13","56,47,26","4,0,3",330,404,2.89321711588e-06,0.000749554996069271,"0.846,0.654,0.806","0.945,1.0,0.914",-0.184
9312,"ENSG00000179818.17","PCBP1-AS1","chr2","-",70055655,70055910,70083537,70083687,70051202,70051305,70085546,70085624,9312,"20,16,35","4,11,13","51,48,21","4,0,3",299,404,2.90208009068e-06,0.000749554996069271,"0.871,0.663,0.784","0.945,1.0,0.904",-0.177
11257,"ENSG00000287151.1","C2orf27A","chr2","+",131686096,131686211,131686329,131686441,131684708,131684819,131688165,131688303,11257,"10,2,1","17,19,15","0,0,0","11,31,22",264,261,3.11150158339e-06,0.000781465589982181,"0.368,0.094,0.062","0.0,0.0,0.0",0.175
373,"ENSG00000184702.20","SEPTIN5","chr22","+",19721832,19721957,19722236,19722339,19721639,19721736,19722427,19723274,373,"2,8,11","35,28,42","2,1,1","51,66,36",274,252,3.73935197373e-06,0.000906439890339489,"0.05,0.208,0.194","0.035,0.014,0.025",0.126
15445,"ENSG00000157693.15","TMEM268","chr9","+",114617117,114617301,114624349,114624459,114611205,114611564,114626895,114627006,15445,"13,12,19","5,7,0","9,10,9","0,0,0",333,259,3.74791378854e-06,0.000906439890339489,"0.669,0.571,1.0","1.0,1.0,1.0",-0.253
6154,"ENSG00000271383.9","NBPF19","chr1","+",149541852,149542025,149546589,149546762,149541192,149541244,149547471,149547523,6154,"2,3,1","0,0,1","1,0,2","1,6,1",322,322,4.57083511074e-06,0.0010439021835741,"1.0,1.0,0.5","0.5,0.0,0.667",0.444
8516,"ENSG00000114841.18","DNAH1","chr3","+",52375954,52375993,52378601,52378780,52375239,52375413,52379904,52380135,8516,"0,0,1","1,4,5","7,3,1","7,3,2",188,328,4.63601276013e-06,0.0010439021835741,"0.0,0.0,0.259","0.636,0.636,0.466",-0.493
6557,"ENSG00000121940.17","CLCC1","chr1","-",108950308,108950448,108962308,108962469,108949819,108949921,108963380,108963475,6557,"1,3,3","59,68,56","6,8,7","22,38,26",310,289,4.98051563402e-06,0.00106816350383885,"0.016,0.04,0.048","0.203,0.164,0.201",-0.155
9656,"ENSG00000145012.15","LPP","chr3","+",188208199,188208318,188341662,188341719,188154176,188154252,188406111,188406313,9656,"0,0,3","3,1,8","1,6,2","2,0,0",268,206,4.90564262856e-06,0.00106816350383885,"0.0,0.0,0.224","0.278,1.0,1.0",-0.685
1168,"ENSG00000077463.15","SIRT6","chr19","-",4177078,4177138,4179103,4179286,4175027,4175937,4182473,4182530,1168,"137,168,163","83,84,126","100,150,124","131,182,131",332,209,5.17160332403e-06,0.00108937321631987,"0.51,0.557,0.449","0.325,0.342,0.373",0.159
4213,"ENSG00000196132.14","MYT1","chr20","+",64151696,64151910,64190062,64190160,64102393,64102555,64198861,64198916,4213,"35,31,33","0,0,0","31,44,18","4,3,4",363,247,6.63172046733e-06,0.00131918251439965,"1.0,1.0,1.0","0.841,0.909,0.754",0.165
6315,"ENSG00000088766.12","CRLS1","chr20","+",6023379,6023422,6028671,6028725,6015360,6015490,6031284,6031370,6315,"4,0,0","0,4,3","5,9,2","1,0,0",192,203,6.66661913862e-06,0.00131918251439965,"1.0,0.0,0.0","0.841,1.0,1.0",-0.614
8880,"ENSG00000164574.16","GALNT10","chr5","+",154329571,154329738,154376276,154376462,154297940,154298079,154380447,154380631,8880,"126,144,153","104,86,97","98,109,85","112,139,116",316,335,7.18166866021e-06,0.00138909335156803,"0.562,0.64,0.626","0.481,0.454,0.437",0.152
9514,"ENSG00000206530.11","CFAP44","chr3","-",113341743,113341918,113358744,113358875,113333405,113333583,113363144,113363307,9514,"0,0,1","1,1,8","3,3,4","2,1,9",280,324,7.2326453221e-06,0.00138909335156803,"0.0,0.0,0.126","0.634,0.776,0.34",-0.541
11489,"ENSG00000205763.16","RP9P","chr7","-",32918310,32918372,32930077,32930108,32916814,32917542,32942869,32943038,11489,"3,2,0","29,12,22","8,6,8","13,15,11",180,211,9.91362157587e-06,0.00182354785606848,"0.108,0.163,0.0","0.419,0.319,0.46",-0.309
9122,"ENSG00000003436.16","TFPI","chr2","-",187513615,187513646,187529363,187529485,187503647,187503770,187554199,187554492,9122,"40,35,24","2,5,5","18,19,22","0,0,0",271,180,1.05381377709e-05,0.00188136384479949,"0.93,0.823,0.761","1.0,1.0,1.0",-0.162
5686,"ENSG00000234741.10","GAS5","chr1","-",173865509,173865547,173866760,173866796,173864143,173864304,173866990,173867043,5686,"10,5,10","4,4,4","3,8,7","0,1,0",185,187,1.19884109627e-05,0.00203335905419301,"0.716,0.558,0.716","1.0,0.89,1.0",-0.3
13050,"ENSG00000154743.19","TSEN2","chr3","+",12505153,12505231,12519058,12519197,12503261,12503784,12528887,12528924,13050,"23,28,23","54,54,66","24,35,38","27,22,33",227,288,1.18996258326e-05,0.00203335905419301,"0.351,0.397,0.307","0.53,0.669,0.594",-0.246
14917,"ENSG00000249859.14","PVT1","chr8","+",127795893,127796008,127855154,127855319,127794589,127794734,127890588,127890998,14917,"38,59,20","44,44,15","65,56,92","25,23,22",264,314,1.2248174145e-05,0.00205078402991923,"0.507,0.615,0.613","0.756,0.743,0.833",-0.199
14714,"ENSG00000150455.15","TIRAP","chr11","+",126289664,126289833,126290461,126290585,126288442,126288573,126290802,126290897,14714,"3,5,2","34,31,21","11,17,6","21,30,12",318,273,1.29056346395e-05,0.00210684485489838,"0.07,0.122,0.076","0.31,0.327,0.3",-0.223
11411,"ENSG00000133424.22","LARGE1","chr22","-",33304228,33304507,33316084,33316248,33283201,33283348,33337645,33337801,11411,"2,5,1","5,6,0","1,0,0","9,10,8",313,428,1.34642181122e-05,0.00216672744869144,"0.354,0.533,1.0","0.132,0.0,0.0",0.585
5722,"ENSG00000234741.10","GAS5","chr1","-",173866527,173866567,173866760,173866796,173865470,173865547,173866990,173867043,5722,"13,11,14","1,0,0","9,9,10","1,2,8",185,189,1.56537156132e-05,0.002433780070338,"0.93,1.0,1.0","0.902,0.821,0.561",0.215
8055,"ENSG00000175556.17","LONRF3","chrX","+",118982820,118982943,118986924,118987080,118978344,118978463,118989407,118989672,8055,"9,11,14","17,5,15","23,11,13","0,4,2",272,305,1.59570528178e-05,0.00245175423294668,"0.373,0.712,0.511","1.0,0.755,0.879",-0.346
15003,"ENSG00000066084.13","DIP2B","chr12","+",50640723,50640852,50671185,50671398,50625975,50626047,50674473,50674629,15003,"165,178,168","126,139,104","103,137,108","149,183,111",278,362,1.94475573015e-05,0.00291936894663897,"0.63,0.625,0.678","0.474,0.494,0.559",0.135
2155,"ENSG00000149927.18","DOC2A","chr16","-",30010902,30010989,30013466,30013596,30009960,30010026,30021182,30021295,2155,"11,19,15","4,5,0","12,14,20","0,0,0",279,236,1.97857719113e-05,0.00293638842229066,"0.699,0.763,1.0","1.0,1.0,1.0",-0.179
10838,"ENSG00000153790.12","SPMIP4","chr7","-",25158500,25158530,25161188,25161260,25155010,25155192,25168288,25168465,10838,"5,3,13","1,5,6","5,9,1","1,0,0",221,179,2.0101765718e-05,0.00294976472221438,"0.802,0.327,0.637","0.802,1.0,1.0",-0.345
13203,"ENSG00000127314.18","RAP1B","chr12","+",68624674,68624873,68641037,68641153,68610907,68611052,68648698,68648781,13203,"35,28,26","0,0,0","9,11,11","0,3,5",348,265,2.12462303012e-05,0.00304918426080958,"1.0,1.0,1.0","1.0,0.736,0.626",0.213
1828,"ENSG00000100429.18","HDAC10","chr22","-",50248365,50248472,50249327,50249516,50248224,50248292,50249634,50249703,1828,"0,6,9","18,31,23","0,1,0","8,30,24",338,256,2.22613245815e-05,0.00306369084565917,"0.0,0.128,0.229","0.0,0.025,0.0",0.111
6779,"ENSG00000095794.21","CREM","chr10","+",35188199,35188388,35201450,35201486,35179133,35179276,35206894,35207051,6779,"35,54,38","0,0,0","28,47,67","1,15,0",338,185,2.2520238988e-05,0.00306369084565917,"1.0,1.0,1.0","0.939,0.632,1.0",0.143
9140,"ENSG00000167733.14","HSD11B1L","chr19","+",5684992,5685119,5686415,5686527,5684818,5684905,5686899,5686991,9140,"17,21,8","3,3,0","4,4,2","2,4,18",276,261,2.20275668225e-05,0.00306369084565917,"0.843,0.869,1.0","0.654,0.486,0.095",0.492
12005,"ENSG00000231721.8","LINC-PINT","chr7","-",130959868,130959970,130967388,130967517,130945719,130945835,130984052,130984109,12005,"1,0,2","0,4,9","5,0,3","0,1,0",278,251,2.22944846124e-05,0.00306369084565917,"1.0,0.0,0.167","1.0,0.0,1.0",-0.278
15485,"ENSG00000170919.16","TPT1-AS1","chr13","+",45351896,45352014,45370079,45370182,45344378,45344446,45377060,45377215,15485,"0,0,0","18,14,15","3,12,0","12,3,1",267,252,2.17635332685e-05,0.00306369084565917,"0.0,0.0,0.0","0.191,0.791,0.0",-0.327
7198,"ENSG00000186007.10","LEMD1","chr1","-",205416231,205416296,205419229,205419352,205384287,205384364,205420454,205420574,7198,"10,24,15","0,0,0","2,14,3","2,1,4",272,214,2.3910922591e-05,0.0031864964187598,"1.0,1.0,1.0","0.44,0.917,0.371",0.424
8226,"ENSG00000152763.17","DNAI4","chr1","-",66835625,66835777,66837709,66837796,66833990,66834148,66840468,66840671,8226,"6,2,0","5,2,16","6,1,9","2,0,1",236,301,2.88779006227e-05,0.00377145382132462,"0.605,0.561,0.0","0.793,1.0,0.92",-0.516
10532,"ENSG00000104863.12","LIN7B","chr19","+",49114848,49114967,49115259,49115331,49114369,49114441,49116262,49116472,10532,"6,7,17","7,7,1","9,21,13","2,0,0",268,221,2.9282850732e-05,0.00378647555009822,"0.414,0.452,0.933","0.788,1.0,1.0",-0.33
7680,"ENSG00000184465.16","WDR27","chr6","-",169659085,169659207,169659450,169659518,169658275,169658358,169660662,169660766,7680,"4,6,1","8,8,4","1,2,0","15,28,12",217,271,3.29085683927e-05,0.00417267867192876,"0.384,0.484,0.238","0.077,0.082,0.0",0.316
9380,"ENSG00000007341.19","ST7L","chr1","-",112550600,112550693,112555867,112556018,112541950,112542090,112576985,112577088,9380,"11,9,2","9,1,0","13,18,14","0,0,0",300,242,3.39072887512e-05,0.00425797299125646,"0.496,0.879,1.0","1.0,1.0,1.0",-0.208
1098,"ENSG00000130733.11","YIPF2","chr19","-",10923832,10923999,10924075,10924192,10923494,10923677,10925685,10925773,1098,"260,239,297","165,183,200","240,222,207","221,296,236",266,316,3.67326088451e-05,0.00452573463695289,"0.652,0.608,0.638","0.563,0.471,0.51",0.118
7124,"ENSG00000135083.17","CCNJL","chr5","-",160259468,160259771,160280524,160280738,160254128,160255708,160311857,160311972,7124,"39,45,45","90,122,73","65,83,54","66,87,59",363,452,3.97910797253e-05,0.00476762845149007,"0.35,0.315,0.434","0.551,0.543,0.533",-0.176
7683,"ENSG00000184465.16","WDR27","chr6","-",169670568,169670693,169670878,169670957,169667135,169668776,169672254,169672396,7683,"0,2,0","22,14,19","4,3,4","14,12,12",228,274,3.96821282105e-05,0.00476762845149007,"0.0,0.147,0.0","0.256,0.231,0.286",-0.209
2876,"ENSG00000140044.13","JDP2","chr14","+",75437897,75438121,75461425,75461530,75428356,75428606,75469289,75474111,2876,"31,66,22","33,140,48","22,30,12","69,143,77",373,254,4.23363831509e-05,0.00489303684912172,"0.39,0.243,0.238","0.178,0.125,0.096",0.157
10356,"ENSG00000170581.15","STAT2","chr12","-",56348751,56348851,56348923,56349059,56348528,56348623,56349425,56349509,10356,"0,0,0","4,27,10","0,5,5","12,21,19",285,249,4.32033184425e-05,0.00490639425094826,"0.0,0.0,0.0","0.0,0.172,0.187",-0.12
8579,"ENSG00000172037.14","LAMB2","chr3","-",49130230,49130419,49130739,49130860,49129838,49130018,49130949,49131152,8579,"47,60,77","56,84,84","57,59,56","135,132,129",270,338,4.92763424964e-05,0.00554783649140504,"0.512,0.472,0.534","0.346,0.359,0.352",0.154
14983,"ENSG00000123352.18","SPATS2","chr12","+",49387053,49387137,49406472,49406565,49371227,49371290,49460769,49461037,14983,"3,0,0","11,18,8","4,10,4","17,9,4",233,242,5.41569870611e-05,0.00589408542514972,"0.221,0.0,0.0","0.196,0.536,0.509",-0.34
1506,"ENSG00000161526.15","SAP30BP","chr17","+",75690670,75690772,75691393,75691531,75671815,75671863,75693439,75693482,1506,"14,27,21","0,0,0","16,24,5","6,2,1",251,287,5.6412614831e-05,0.00608883264208975,"1.0,1.0,1.0","0.753,0.932,0.851",0.155
6300,"ENSG00000105607.14","GCDH","chr19","+",12891486,12891522,12891830,12891974,12891270,12891395,12892115,12892178,6300,"27,19,31","84,92,120","46,72,53","111,106,85",185,293,6.75571364014e-05,0.00711529194679261,"0.337,0.246,0.29","0.396,0.518,0.497",-0.179
1136,"ENSG00000260001.8","TGFBR3L","chr19","+",7917472,7917599,7917700,7917859,7916621,7916942,7918056,7918129,1136,"19,31,43","153,164,214","43,59,46","137,167,136",276,308,7.13133270049e-05,0.00745081640547195,"0.122,0.174,0.183","0.259,0.283,0.274",-0.112
10071,"ENSG00000136682.16","ZNG1B","chr2","+",113462407,113462494,113471032,113471089,113460672,113460719,113482176,113482228,10071,"115,88,84","10,2,9","86,91,79","22,9,47",236,206,7.32167162962e-05,0.00758897075260613,"0.909,0.975,0.891","0.773,0.898,0.595",0.17
5041,"ENSG00000147010.19","SH3KBP1","chrX","-",19687616,19687691,19694994,19695051,19683822,19684028,19695611,19695741,5041,"1,5,6","0,0,0","2,2,0","2,0,6",206,224,8.0961974506e-05,0.00819661540347566,"1.0,1.0,1.0","0.521,1.0,0.0",0.493
12861,"ENSG00000079387.15","SENP1","chr12","-",48097993,48098124,48101468,48101516,48096342,48096427,48105401,48105834,12861,"0,0,1","32,41,39","4,6,0","25,45,18",197,280,8.21589663849e-05,0.00825381616143688,"0.0,0.0,0.035","0.185,0.159,0.0",-0.103
2043,"ENSG00000132600.18","PRMT7","chr16","+",68315896,68316074,68321425,68321462,68312041,68312176,68324682,68324832,2043,"66,54,73","22,31,36","141,138,92","23,33,18",327,186,8.46470920959e-05,0.00830058923598704,"0.631,0.498,0.536","0.777,0.704,0.744",-0.187
9135,"ENSG00000171163.16","ZNF692","chr1","-",248857827,248857859,248858130,248858321,248857233,248857497,248858917,248859085,9135,"50,104,61","2,3,1","63,74,46","5,7,13",340,181,8.50255150835e-05,0.00830058923598704,"0.93,0.949,0.97","0.87,0.849,0.653",0.159
8244,"ENSG00000183354.12","BRD10","chr9","-",5944870,5944960,5954015,5954095,5933750,5933881,5968018,5968081,8244,"16,15,8","1,8,1","4,21,17","0,0,1",229,239,8.93297333618e-05,0.00864182457559339,"0.943,0.662,0.893","1.0,1.0,0.947",-0.15
10404,"ENSG00000160087.21","UBE2J2","chr1","-",1263345,1263386,1267861,1267992,1257207,1257310,1273498,1273726,10404,"13,11,13","69,79,80","19,31,20","57,74,43",280,190,9.23401590499e-05,0.00886737115582128,"0.113,0.086,0.099","0.184,0.221,0.24",-0.116
11423,"ENSG00000105793.16","GTPBP10","chr7","+",90377506,90377614,90378133,90378211,90374301,90374354,90382955,90383079,11423,"79,109,68","51,51,36","28,56,44","46,48,58",257,227,9.38447412074e-05,0.00894607532969813,"0.578,0.654,0.625","0.35,0.508,0.401",0.199
11762,"ENSG00000164306.11","PRIMPOL","chr4","+",184685408,184685498,184685575,184685684,184682247,184682336,184691498,184691581,11762,"3,9,15","19,23,37","11,23,9","10,18,7",239,258,9.50758927987e-05,0.00899776202863059,"0.146,0.297,0.304","0.543,0.58,0.581",-0.319
6469,"ENSG00000137210.14","TMEM14B","chr6","+",10749201,10749268,10770076,10770204,10747800,10747881,10802330,10802536,6469,"72,65,94","3,3,21","50,63,36","15,23,11",216,277,9.68588432211e-05,0.00910055030552206,"0.969,0.965,0.852","0.81,0.778,0.808",0.13
4193,"ENSG00000168214.22","RBPJ","chr4","+",26410041,26410292,26414048,26414155,26406174,26406270,26415474,26415640,4193,"0,1,0","4,7,4","9,2,0","3,3,2",400,256,0.000103322381093,0.00943629578373832,"0.0,0.084,0.0","0.658,0.299,0.0",-0.291
14004,"ENSG00000203780.12","FANK1","chr10","+",126009053,126009131,126009221,126009266,126008406,126008550,126009372,126009592,14004,"1,10,4","3,2,7","4,7,5","0,1,1",227,194,0.000104939156764,0.00951739852317944,"0.222,0.81,0.328","1.0,0.857,0.81",-0.436
404,"ENSG00000160201.12","U2AF1","chr21","-",43100452,43100519,43101365,43101432,43095693,43095743,43104314,43104402,404,"8,6,10","353,31,28","14,16,8","59,33,17",216,216,0.00010852306728,0.00957642742349189,"0.022,0.162,0.263","0.192,0.327,0.32",-0.131
4981,"ENSG00000164078.15","MST1R","chr3","-",49895230,49895373,49895446,49895548,49891757,49891838,49896194,49896404,4981,"1,0,1","5,5,11","3,5,5","3,29,1",251,292,0.000107653716275,0.00957642742349189,"0.189,0.0,0.096","0.538,0.167,0.853",-0.424
8513,"ENSG00000008128.23","CDK11A","chr1","-",1709517,1709640,1716345,1716478,1709037,1709133,1719327,1719455,8513,"62,84,63","5,12,9","47,59,57","21,21,14",282,272,0.000108202140533,0.00957642742349189,"0.923,0.871,0.871","0.683,0.73,0.797",0.152
11994,"ENSG00000152465.18","NMT2","chr10","-",15130141,15130312,15132816,15132933,15128349,15128458,15133052,15133144,11994,"64,78,96","84,90,107","51,54,45","119,134,77",266,320,0.000111533495957,0.00977602320267396,"0.478,0.51,0.519","0.34,0.327,0.413",0.142
9076,"ENSG00000164081.13","TEX264","chr3","+",51672209,51672301,51672340,51672392,51671174,51671288,51674270,51674562,9076,"3,19,23","6,13,9","39,23,20","4,5,0",241,201,0.000120479733342,0.0103517455095166,"0.294,0.549,0.681","0.89,0.793,1.0",-0.386
14935,"ENSG00000249859.14","PVT1","chr8","+",128009589,128009718,128070159,128070361,127989161,127989291,128096517,128096654,14935,"8,17,23","88,101,76","8,12,1","150,111,101",278,351,0.000119977218663,0.0103517455095166,"0.103,0.175,0.276","0.063,0.12,0.012",0.12
6280,"ENSG00000162825.18","NBPF20","chr1","-",145302723,145302896,145305892,145306065,145301900,145302009,145306715,145306767,6280,"2,2,2","1,3,0","2,0,0","3,2,3",322,322,0.000124565271321,0.0106328264277925,"0.667,0.4,1.0","0.4,0.0,0.0",0.556
5823,"ENSG00000151689.13","INPP1","chr2","+",190348887,190349031,190359645,190359698,190343929,190343961,190360038,190360306,5823,"17,21,10","1,0,0","13,16,17","6,3,0",293,202,0.000129770348068,0.0110051996478447,"0.921,1.0,1.0","0.599,0.786,1.0",0.179
3488,"ENSG00000245248.10","USP2-AS1","chr11","+",119469808,119469975,119531923,119531969,119394980,119395154,119543523,119543631,3488,"44,33,42","1,0,0","42,71,28","0,4,8",316,195,0.000132627673052,0.0111656745455492,"0.964,1.0,1.0","1.0,0.916,0.684",0.121
13537,"ENSG00000183621.15","ZNF438","chr10","-",30941574,30941651,30984368,30984426,30908932,30909015,31031832,31031937,13537,"1,0,0","4,6,1","2,6,2","7,18,1",207,226,0.000135820059285,0.0112266454067222,"0.214,0.0,0.0","0.238,0.267,0.686",-0.326
12497,"ENSG00000182310.16","SPACA6","chr19","+",51701657,51701726,51702628,51702652,51693339,51694555,51703020,51703098,12497,"3,4,6","1,0,0","0,8,0","2,0,2",218,173,0.000139064793469,0.0113511637669071,"0.704,1.0,1.0","0.0,1.0,0.0",0.568
9402,"ENSG00000051825.15","MPHOSPH9","chr12","-",123226287,123226351,123227545,123227616,123223037,123223127,123230260,123230522,9402,"17,15,16","0,0,1","7,15,9","0,4,4",220,213,0.00016919030583,0.0134733255740232,"1.0,1.0,0.939","1.0,0.784,0.685",0.157
6048,"ENSG00000128656.15","CHN1","chr2","-",174846879,174846957,174877839,174878128,174824433,174824518,174915057,174915171,6048,"17,8,3","1,2,0","5,3,9","2,10,4",438,227,0.000178358460202,0.0141173423650795,"0.898,0.675,1.0","0.564,0.135,0.538",0.445
8140,"ENSG00000142621.21","FHAD1","chr1","+",15317823,15317928,15324451,15324559,15316377,15316467,15327058,15327142,8140,"15,25,23","0,7,3","3,3,7","9,13,2",254,257,0.000188218658889,0.0148080462957249,"1.0,0.783,0.886","0.252,0.189,0.78",0.483
5943,"ENSG00000244754.9","N4BP2L2","chr13","-",32537005,32537027,32538617,32538684,32527457,32527532,32538777,32538885,5943,"7,1,9","0,6,0","2,0,1","1,6,5",216,171,0.000195752886439,0.015217456529127,"1.0,0.117,1.0","0.613,0.0,0.137",0.456
7359,"ENSG00000008441.19","NFIX","chr19","+",13078612,13078735,13081679,13081855,13075534,13075671,13090298,13090390,7359,"54,52,68","80,113,98","31,70,41","148,180,128",272,325,0.000194994553884,0.015217456529127,"0.446,0.355,0.453","0.2,0.317,0.277",0.153
7076,"ENSG00000114062.22","UBE3A","chr15","-",25407066,25407137,25408619,25408684,25405460,25405502,25409087,25409207,7076,"10,14,5","14,13,10","16,23,7","8,3,2",214,220,0.000209952449548,0.0159417383203307,"0.423,0.525,0.34","0.673,0.887,0.783",-0.352
9561,"ENSG00000138078.16","PREPL","chr2","-",44332458,44332656,44338350,44338536,44328936,44329112,44339146,44339363,9561,"151,177,100","194,183,136","62,83,58","112,167,124",335,347,0.0002150295161,0.0162328640477803,"0.446,0.5,0.432","0.364,0.34,0.326",0.116
11843,"ENSG00000126391.14","FRMD8","chr11","+",65389384,65389528,65393572,65393674,65387036,65387121,65394040,65394099,11843,"12,2,7","42,20,47","7,25,27","16,51,38",293,251,0.000216519980967,0.0162514422495921,"0.197,0.079,0.113","0.273,0.296,0.378",-0.186
5834,"ENSG00000141458.13","NPC1","chr18","-",23548005,23548108,23551626,23551727,23544959,23545149,23554757,23554984,5834,"98,87,89","128,152,141","126,189,107","125,167,104",250,252,0.000219586530566,0.0162943186885907,"0.436,0.366,0.389","0.504,0.533,0.509",-0.118
6564,"ENSG00000183091.21","NEB","chr2","-",151506908,151507013,151508004,151508109,151506165,151506258,151512732,151512837,6564,"0,0,0","7,1,11","3,2,0","1,0,2",254,254,0.000223944202455,0.0164646736567999,"0.0,0.0,0.0","0.75,1.0,0.0",-0.583
10911,"ENSG00000135299.18","ANKRD6","chr6","+",89606006,89606105,89612271,89612370,89603028,89603127,89616558,89616657,10911,"19,19,12","0,1,12","24,19,11","0,0,0",248,248,0.000224403668523,0.0164646736567999,"1.0,0.95,0.5","1.0,1.0,1.0",-0.183
10328,"ENSG00000198624.13","CCDC69","chr5","-",151187385,151187459,151198996,151199084,151186022,151186124,151201581,151201688,10328,"4,16,7","20,58,44","29,31,12","19,29,35",237,223,0.000227639897268,0.0166088103816764,"0.158,0.206,0.13","0.59,0.501,0.244",-0.28
11482,"ENSG00000133059.18","DSTYK","chr1","-",205150679,205150794,205157272,205157386,205142504,205147745,205159546,205159679,11482,"23,25,20","2,0,1","12,25,12","1,5,8",263,264,0.000233463568151,0.0169390788891781,"0.92,1.0,0.953","0.923,0.834,0.601",0.172
11908,"ENSG00000146729.10","NIPSNAP2","chr7","+",55981472,55981567,55982209,55982280,55978125,55978265,55983727,55983868,11908,"23,17,29","122,135,154","37,32,32","44,115,90",244,220,0.000247344056377,0.0177489745949649,"0.145,0.102,0.145","0.431,0.201,0.243",-0.161
15446,"ENSG00000157693.15","TMEM268","chr9","+",114617117,114617301,114624349,114624459,114611290,114611564,114626898,114627006,15446,"13,18,19","16,24,20","9,8,9","27,42,23",333,259,0.000255254715917,0.0182165387424919,"0.387,0.368,0.425","0.206,0.129,0.233",0.204
9136,"ENSG00000171163.16","ZNF692","chr1","-",248857827,248857859,248858130,248858419,248857312,248857497,248858917,248859067,9136,"27,52,24","2,3,1","29,34,28","5,7,13",438,181,0.000259718313474,0.0183347090484889,"0.848,0.877,0.908","0.706,0.667,0.471",0.263
15564,"ENSG00000118922.19","KLF12","chr13","-",73845826,73846373,73943980,73944070,73812872,73813287,73994989,73995056,15564,"2,5,1","57,83,63","4,10,8","39,50,46",239,696,0.00025911216066,0.0183347090484889,"0.093,0.149,0.044","0.23,0.368,0.336",-0.216
3106,"ENSG00000165097.16","KDM1B","chr6","+",18185771,18185810,18191196,18191381,18171362,18171479,18197056,18197233,3106,"27,26,28","85,121,95","22,38,41","42,75,36",188,334,0.000267251432661,0.0185654452688971,"0.361,0.276,0.344","0.482,0.474,0.669",-0.215
5500,"ENSG00000291176.1","ENSG00000291176","chr2","+",96019200,96019260,96019480,96019700,96015108,96015325,96021124,96021233,5500,"2,7,0","21,29,37","1,0,0","23,33,23",209,369,0.000266653604015,0.0185654452688971,"0.144,0.299,0.0","0.071,0.0,0.0",0.124
2137,"ENSG00000103496.15","STX4","chr16","+",31034203,31034325,31034461,31034536,31034012,31034114,31034969,31035040,2137,"9,24,15","34,45,32","6,13,0","33,57,46",271,224,0.000274301160588,0.0188862576771539,"0.18,0.306,0.279","0.131,0.159,0.0",0.158
8540,"ENSG00000070961.17","ATP2B1","chr12","-",89627677,89627716,89630504,89630645,89626453,89626615,89634777,89634903,8540,"166,185,168","49,44,46","99,101,88","43,48,48",290,188,0.000278654746738,0.0188862576771539,"0.687,0.732,0.703","0.599,0.577,0.543",0.134
11027,"ENSG00000070785.17","EIF2B3","chr1","-",44857703,44857807,44874677,44874826,44850521,44851003,44875617,44875695,11027,"159,97,124","11,28,22","111,153,109","37,54,42",298,253,0.000276985281092,0.0188862576771539,"0.925,0.746,0.827","0.718,0.706,0.688",0.129
14653,"ENSG00000144741.19","SLC25A26","chr3","+",66346363,66346408,66369477,66369542,66263331,66263379,66377689,66378902,14653,"23,46,33","1,0,3","27,24,34","1,29,5",194,214,0.000279100132595,0.0188862576771539,"0.962,1.0,0.924","0.968,0.477,0.882",0.186
4918,"ENSG00000163818.20","LZTFL1","chr3","-",45830912,45830990,45831072,45831138,45828438,45828615,45833049,45833121,4918,"48,60,55","63,56,44","22,25,20","52,58,34",215,227,0.000285967348723,0.0192512039913525,"0.446,0.531,0.569","0.309,0.313,0.383",0.18
2655,"ENSG00000161395.14","PGAP3","chr17","-",39673050,39673255,39673513,39673650,39671122,39672866,39673992,39674054,2655,"14,7,16","15,5,22","11,0,4","34,19,15",286,354,0.000302267534257,0.0202441743456227,"0.536,0.634,0.474","0.286,0.0,0.248",0.37
10934,"ENSG00000186231.17","KLHL32","chr6","+",97041491,97041599,97064627,97064726,96975996,96976177,97085125,97085341,10934,"9,4,2","0,1,1","0,3,2","3,1,2",257,248,0.000305105400095,0.0203299822716362,"1.0,0.794,0.659","0.0,0.743,0.491",0.406
4591,"ENSG00000076554.16","TPD52","chr8","-",80044166,80044208,80050444,80050471,80042619,80042668,80051526,80051628,4591,"2,5,11","0,1,6","12,3,3","0,0,0",176,191,0.000314440000415,0.0205329320270995,"1.0,0.844,0.666","1.0,1.0,1.0",-0.163
10687,"ENSG00000168385.18","SEPTIN2","chr2","+",241316421,241316540,241320202,241320287,241315354,241315610,241324215,241324241,10687,"1,7,1","3,0,0","0,3,0","1,4,1",268,234,0.000310980954489,0.0205329320270995,"0.225,1.0,1.0","0.0,0.396,0.0",0.61
11943,"ENSG00000291071.1","FAM86JP","chr3","+",125918692,125918926,125924965,125925115,125916614,125916817,125928494,125928885,11943,"20,7,12","32,40,18","3,5,1","36,24,21",383,299,0.000314322945663,0.0205329320270995,"0.328,0.12,0.342","0.061,0.14,0.036",0.184
8511,"ENSG00000008128.23","CDK11A","chr1","-",1709478,1709640,1716345,1716478,1709037,1709133,1719327,1719455,8511,"62,84,63","2,0,0","47,59,57","34,0,0",282,311,0.000320361278064,0.0208155138881385,"0.972,1.0,1.0","0.604,1.0,1.0",0.123
5667,"ENSG00000234741.10","GAS5","chr1","-",173865470,173865547,173865856,173865952,173864143,173864304,173866176,173866206,5667,"0,7,0","7,13,6","4,2,5","3,0,2",245,226,0.000323833632248,0.0209369665205885,"0.0,0.332,0.0","0.552,1.0,0.698",-0.639
547,"ENSG00000185513.18","L3MBTL1","chr20","+",43515291,43515415,43516092,43516177,43515008,43515159,43528656,43528745,547,"4,6,11","0,10,10","11,3,4","0,1,1",273,234,0.000327362072532,0.021060830873241,"1.0,0.34,0.485","1.0,0.72,0.774",-0.223
4975,"ENSG00000164078.15","MST1R","chr3","-",49895166,49895373,49895714,49895880,49891757,49891838,49895960,49896107,4975,"64,60,110","62,75,111","55,67,67","131,120,104",315,356,0.000339050791151,0.0213913204465317,"0.538,0.475,0.528","0.322,0.387,0.421",0.137
10282,"ENSG00000163697.18","APBB2","chr4","-",41100638,41100750,41142986,41143142,41065589,41065673,41177558,41177690,10282,"14,28,15","50,71,71","34,20,27","41,41,34",305,261,0.000336270133594,0.0213913204465317,"0.193,0.252,0.153","0.415,0.294,0.405",-0.172
780,"ENSG00000039650.12","PNKP","chr19","-",49861607,49861695,49861771,49861881,49861448,49861510,49862043,49862105,780,"100,86,104","58,69,53","95,95,56","103,103,67",259,237,0.000353991315756,0.0217048196421285,"0.612,0.533,0.642","0.458,0.458,0.433",0.146
5501,"ENSG00000291176.1","ENSG00000291176","chr2","+",96019200,96019260,96019537,96019700,96015108,96015325,96021124,96021233,5501,"2,7,0","18,19,32","1,0,0","17,23,18",209,312,0.000353109797447,0.0217048196421285,"0.142,0.355,0.0","0.081,0.0,0.0",0.139
12072,"ENSG00000123268.9","ATF1","chr12","+",50809455,50809589,50814279,50814439,50795908,50796009,50819634,50821162,12072,"116,152,122","109,123,107","66,77,61","92,122,82",283,309,0.000353254242341,0.0217048196421285,"0.537,0.574,0.555","0.439,0.408,0.448",0.124
4335,"ENSG00000242086.8","MUC20-OT1","chr3","+",195701379,195701432,195708133,195708268,195699029,195699207,195708746,195708801,4335,"3,0,7","0,2,3","1,0,0","0,2,4",202,284,0.000362634706563,0.0219259688320036,"1.0,0.0,0.766","1.0,0.0,0.0",0.255
3882,"ENSG00000198556.14","ZNF789","chr7","+",99476402,99476480,99478273,99478356,99472889,99473056,99479660,99479787,3882,"55,28,54","2,0,4","44,39,21","0,18,7",227,232,0.00038411786817,0.0224085663443096,"0.966,1.0,0.932","1.0,0.689,0.754",0.152
5477,"ENSG00000186001.14","LRCH3","chr3","+",197854391,197854445,197858833,197858905,197852560,197852620,197865422,197865471,5477,"36,38,43","24,35,27","44,49,56","21,8,15",203,221,0.000379386359086,0.0224085663443096,"0.62,0.542,0.634","0.695,0.87,0.803",-0.191
11410,"ENSG00000133424.22","LARGE1","chr22","-",33283201,33283348,33304228,33304507,33277059,33277255,33316084,33316248,11410,"3,3,0","3,3,8","19,4,4","0,0,6",428,296,0.000384251711663,0.0224085663443096,"0.409,0.409,0.0","1.0,1.0,0.316",-0.499
13657,"ENSG00000240602.10","AADACP1","chr3","+",151773429,151773652,151775694,151775764,151770473,151770611,151776803,151776975,13657,"7,8,24","2,6,0","8,5,4","0,0,1",372,219,0.000378059077664,0.0224085663443096,"0.673,0.44,1.0","1.0,1.0,0.702",-0.196
13088,"ENSG00000106723.17","SPIN1","chr9","+",88416643,88416766,88418777,88418951,88415606,88415699,88426381,88426591,13088,"0,0,1","15,9,3","3,1,4","2,21,9",272,323,0.000389293460818,0.0225963226590359,"0.0,0.0,0.284","0.64,0.054,0.345",-0.252
1039,"ENSG00000130511.16","SSBP4","chr19","+",18432558,18432604,18432699,18432735,18432146,18432214,18432828,18432883,1039,"89,100,105","28,23,40","89,109,80","43,64,53",195,185,0.000394527008879,0.022598783929648,"0.751,0.805,0.713","0.663,0.618,0.589",0.133
8036,"ENSG00000172183.16","ISG20","chr15","+",88639342,88639594,88652109,88652310,88638959,88639076,88655414,88656483,8036,"118,195,234","73,75,121","199,182,144","143,142,154",401,350,0.000394055155968,0.022598783929648,"0.585,0.694,0.628","0.548,0.528,0.449",0.127
8763,"ENSG00000133961.21","NUMB","chr14","-",73366896,73366981,73409936,73410068,73355625,73355766,73458492,73458546,8763,"169,158,141","84,71,87","68,144,107","73,130,76",281,234,0.000391760073139,0.022598783929648,"0.626,0.65,0.574","0.437,0.48,0.54",0.131
5938,"ENSG00000268043.9","NBPF12","chr1","+",146988840,146988949,146993598,146993707,146987953,146988126,146994331,146996198,5938,"31,34,23","44,1,0","37,40,28","0,1,0",258,258,0.000405197093966,0.0231086202934321,"0.413,0.971,1.0","1.0,0.976,1.0",-0.197
571,"ENSG00000196756.15","SNHG17","chr20","-",38422290,38422368,38425934,38426052,38421005,38421098,38426418,38426503,571,"0,8,1","2,0,3","3,6,3","0,0,0",267,227,0.000410687591307,0.0232189607899109,"0.0,1.0,0.221","1.0,1.0,1.0",-0.593
2505,"ENSG00000090905.19","TNRC6A","chr16","+",24750725,24750813,24758338,24758360,24730252,24730300,24776932,24777358,2505,"18,32,21","9,15,14","16,35,23","4,6,1",237,171,0.000409628665593,0.0232189607899109,"0.591,0.606,0.52","0.743,0.808,0.943",-0.259
9400,"ENSG00000051825.15","MPHOSPH9","chr12","-",123226287,123226351,123227462,123227572,123223037,123223127,123230260,123230522,9400,"24,23,35","0,0,1","20,4,20","0,4,4",259,213,0.000415156076644,0.023370423969701,"1.0,1.0,0.966","1.0,0.451,0.804",0.237
3607,"ENSG00000250337.10","PURPL","chr5","+",27484925,27485029,27493569,27494335,27475534,27475695,27495948,27496404,3607,"2,0,0","5,2,2","3,4,1","0,0,8",253,915,0.000429977766527,0.023694133463471,"0.591,0.0,0.0","1.0,1.0,0.311",-0.573
4638,"ENSG00000075303.13","SLC25A40","chr7","-",87847852,87847977,87849880,87849948,87846948,87847122,87854203,87854310,4638,"50,71,51","116,117,106","20,33,26","84,128,77",217,274,0.000429211610784,0.023694133463471,"0.352,0.434,0.378","0.231,0.246,0.299",0.129
9225,"ENSG00000269713.9","NBPF9","chr1","-",149058163,149058215,149061331,149061383,149057334,149057507,149062092,149062265,9225,"0,0,2","21,15,9","1,2,4","7,7,1",201,201,0.000429333926886,0.023694133463471,"0.0,0.0,0.182","0.125,0.222,0.8",-0.322
15463,"ENSG00000187676.8","B3GLCT","chr13","+",31215050,31215100,31222951,31222991,31199974,31200154,31229184,31229294,15463,"9,7,5","20,12,9","2,16,8","2,5,2",199,189,0.000424895781047,0.023694133463471,"0.299,0.357,0.345","0.487,0.752,0.792",-0.343
14438,"ENSG00000162341.18","TPCN2","chr11","+",69085209,69085286,69085670,69085752,69083944,69084016,69085847,69085930,14438,"8,3,1","25,14,25","9,12,10","18,11,12",226,231,0.000434185437086,0.0238254697829545,"0.246,0.18,0.039","0.338,0.527,0.46",-0.287
15488,"ENSG00000170919.16","TPT1-AS1","chr13","+",45370079,45370182,45377060,45377215,45344328,45344446,45378529,45378671,15488,"5,4,1","28,20,5","0,1,1","21,28,6",252,304,0.000437167872739,0.0238887548869094,"0.177,0.194,0.194","0.0,0.041,0.167",0.119
15589,"ENSG00000108021.22","TASOR2","chr10","+",5712822,5712918,5714134,5714207,5684947,5685175,5720543,5720668,15589,"20,32,29","11,6,0","8,22,15","0,0,2",245,222,0.000450351583506,0.0243040978536709,"0.622,0.829,1.0","1.0,1.0,0.872",-0.14
3147,"ENSG00000112685.14","EXOC2","chr6","-",657162,657250,689138,689212,637700,637861,693018,693111,3147,"15,44,19","9,4,0","30,58,27","0,1,2",223,237,0.000459526346047,0.0246655199711171,"0.639,0.921,1.0","1.0,0.984,0.935",-0.12
888,"ENSG00000105429.13","MEGF8","chr19","+",42348271,42348472,42350147,42350384,42344669,42344833,42351215,42351334,888,"33,45,47","88,79,88","70,66,62","81,84,56",350,386,0.000486919650568,0.0257548561246963,"0.293,0.386,0.371","0.488,0.464,0.55",-0.151
2393,"ENSG00000228315.12","GUSBP11","chr22","-",23695172,23695517,23700725,23700845,23683724,23683867,23705428,23705541,2393,"0,2,1","10,23,31","1,9,1","3,14,12",269,494,0.00048829350285,0.0257548561246963,"0.0,0.138,0.056","0.38,0.541,0.133",-0.287
15504,"ENSG00000170919.16","TPT1-AS1","chr13","+",45383090,45383235,45383759,45383838,45379194,45380001,45389734,45389820,15504,"6,6,8","5,6,6","21,2,11","3,1,1",294,228,0.000527599691344,0.0271277636572939,"0.482,0.437,0.508","0.844,0.608,0.895",-0.307
13964,"ENSG00000107669.19","ATE1","chr10","-",121898840,121898969,121902390,121902620,121870005,121870038,121910905,121911151,13964,"218,174,154","41,64,51","143,204,128","18,26,26",379,278,0.000543155411609,0.0277094127953654,"0.796,0.666,0.689","0.854,0.852,0.783",-0.113
13261,"ENSG00000173611.18","SCAI","chr9","-",125029643,125029739,125055875,125056007,125028391,125028478,125142632,125142677,13261,"13,8,33","11,34,23","18,25,22","6,4,9",281,245,0.000545497542865,0.0277206144350852,"0.507,0.17,0.556","0.723,0.845,0.681",-0.339
15379,"ENSG00000111364.16","DDX55","chr12","+",123616510,123616603,123618668,123618837,123615184,123615316,123619447,123619716,15379,"84,92,73","23,23,16","49,68,50","23,28,40",242,318,0.000551167934195,0.0279002062813438,"0.828,0.84,0.857","0.737,0.761,0.622",0.135
12575,"ENSG00000204147.11","ASAH2B","chr10","+",50743672,50743741,50744696,50744732,50742914,50743010,50745127,50745274,12575,"6,1,10","2,0,0","0,5,0","4,0,1",218,185,0.000555750309917,0.0280235484460078,"0.718,1.0,1.0","0.0,1.0,0.0",0.573
12138,"ENSG00000196511.15","TPK1","chr7","-",144648806,144648879,144681806,144681864,144623165,144623261,144682908,144682978,12138,"6,0,2","17,17,22","0,0,0","19,20,9",207,222,0.000560346111882,0.0281466162353035,"0.275,0.0,0.089","0.0,0.0,0.0",0.121
2210,"ENSG00000174628.17","IQCK","chr16","+",19730429,19730494,19733697,19733827,19717694,19718487,19735352,19735450,2210,"10,9,9","12,20,26","13,19,13","7,14,6",214,279,0.000582438978323,0.0287043511581071,"0.521,0.37,0.311","0.708,0.639,0.739",-0.295
14862,"ENSG00000176225.15","RTTN","chr18","-",70109497,70109717,70114444,70114599,70092675,70092804,70121555,70121700,14862,"47,50,64","63,77,88","41,26,20","95,78,54",304,369,0.00057902209435,0.0287043511581071,"0.475,0.441,0.469","0.344,0.288,0.31",0.148
15739,"ENSG00000115594.12","IL1R1","chr2","+",102165114,102165304,102166112,102166281,102164773,102165008,102168597,102168663,15739,"18,30,18","31,43,32","50,17,48","26,19,23",339,318,0.000580625984467,0.0287043511581071,"0.353,0.396,0.345","0.643,0.456,0.662",-0.222
15196,"ENSG00000168477.21","TNXB","chr6","-",32085749,32086118,32087250,32087991,32084412,32084709,32088784,32089048,15196,"8,18,2","4,6,11","3,1,2","11,15,12",890,518,0.000584640490995,0.0287045293699049,"0.538,0.636,0.096","0.137,0.037,0.088",0.336
9838,"ENSG00000160746.13","ANO10","chr3","-",43580352,43580472,43598531,43598666,43576691,43577261,43605713,43605863,9838,"4,18,5","34,46,48","1,6,0","39,57,33",284,269,0.000588652172331,0.0287932485791867,"0.1,0.27,0.09","0.024,0.091,0.0",0.115
14091,"ENSG00000151090.20","THRB","chr3","-",24297225,24297371,24318357,24318494,24228937,24229001,24337299,24337371,14091,"0,1,8","3,12,10","2,9,12","2,7,0",286,295,0.000629363269473,0.0304425344419162,"0.0,0.079,0.452","0.508,0.57,1.0",-0.516
1648,"ENSG00000012048.26","BRCA1","chr17","-",43074330,43074521,43076487,43076614,43070927,43071238,43082403,43082572,1648,"51,42,43","81,77,77","22,30,23","68,91,84",276,340,0.000651002600664,0.0313730404600437,"0.437,0.402,0.408","0.285,0.289,0.252",0.14
6412,"ENSG00000163848.21","ZNF148","chr3","-",125314936,125315053,125323387,125323444,125313307,125313656,125331157,125331238,6412,"37,49,34","2,10,2","22,24,20","9,7,10",206,266,0.000660085348462,0.0316379622146774,"0.96,0.864,0.956","0.759,0.816,0.721",0.161
13687,"ENSG00000122882.11","ECD","chr10","-",73154255,73154448,73156274,73156453,73152292,73152421,73156567,73156655,13687,"186,274,153","98,110,75","116,162,115","92,115,81",328,342,0.000661344845682,0.0316379622146774,"0.664,0.722,0.68","0.568,0.595,0.597",0.102
8344,"ENSG00000270629.7","NBPF14","chr1","-",148534683,148534856,148575638,148575811,148533860,148533969,148576409,148576461,8344,"11,23,30","34,17,14","69,116,83","25,20,21",322,322,0.000667094907145,0.0317965674719478,"0.244,0.575,0.682","0.734,0.853,0.798",-0.295
440,"ENSG00000185437.16","SH3BGR","chr21","+",39499822,39499915,39508997,39509027,39475134,39475215,39511679,39511809,440,"26,35,47","5,10,6","23,20,28","12,14,14",242,179,0.000679940087081,0.0322429304266759,"0.794,0.721,0.853","0.586,0.514,0.597",0.224
6194,"ENSG00000117360.13","PRPF3","chr1","+",150346017,150346136,150346407,150346491,150344375,150344547,150349156,150349218,6194,"185,186,188","70,94,92","175,147,132","109,143,91",268,233,0.000681397304576,0.0322429304266759,"0.697,0.632,0.64","0.583,0.472,0.558",0.119
14165,"ENSG00000007372.25","PAX6","chr11","-",31801870,31801912,31802703,31802834,31800690,31801776,31806401,31806462,14165,"33,14,10","1,3,10","22,24,38","0,1,2",280,191,0.000686945217164,0.0323881030186348,"0.957,0.761,0.406","1.0,0.942,0.928",-0.249
4909,"ENSG00000107890.17","ANKRD26","chr10","-",27014493,27014711,27017501,27017792,27012881,27013110,27022557,27022687,4909,"16,14,20","16,10,7","21,28,23","6,2,4",440,367,0.000712099105016,0.0329982964738025,"0.455,0.539,0.704","0.745,0.921,0.827",-0.265
5759,"ENSG00000205726.15","ITSN1","chr21","+",33718796,33718856,33721177,33721270,33642399,33642713,33722587,33722651,5759,"28,30,34","28,23,30","55,61,37","34,12,11",209,242,0.000716564523075,0.0329982964738025,"0.537,0.602,0.568","0.652,0.855,0.796",-0.199
9032,"ENSG00000148400.13","NOTCH1","chr9","-",136515980,136516094,136517271,136517385,136515482,136515716,136517751,136517937,9032,"25,20,30","33,27,47","41,52,41","25,42,26",263,263,0.000720100650462,0.0329982964738025,"0.431,0.426,0.39","0.621,0.553,0.612",-0.18
8064,"ENSG00000054392.13","HHAT","chr1","+",210387467,210387581,210400467,210400662,210348932,210349066,210404463,210404679,8064,"5,3,14","8,5,5","0,6,0","18,7,12",263,344,0.00072726368808,0.0330238121500111,"0.45,0.44,0.786","0.0,0.529,0.0",0.382
9633,"ENSG00000243276.6","ENSG00000243276","chr3","-",118662409,118662490,118683686,118683772,118507779,118508692,118810706,118810757,9633,"2,7,4","2,5,5","13,14,14","1,0,5",235,230,0.00072824333072,0.0330238121500111,"0.495,0.578,0.439","0.927,1.0,0.733",-0.383
390,"ENSG00000177663.15","IL17RA","chr22","+",17105590,17105602,17105852,17105954,17104725,17104810,17107726,17107768,390,"14,11,6","50,36,34","16,57,20","30,49,41",161,251,0.00073433361547,0.0331362278501708,"0.304,0.323,0.216","0.454,0.645,0.432",-0.229
6142,"ENSG00000271383.9","NBPF19","chr1","+",149532344,149532517,149533924,149534097,149531690,149531742,149534811,149534920,6142,"0,1,6","11,4,8","1,0,0","34,13,33",322,322,0.000790921480202,0.0351290449952977,"0.0,0.2,0.429","0.029,0.0,0.0",0.2
9826,"ENSG00000174842.17","GLMN","chr1","-",92266418,92266492,92266539,92266593,92263622,92263732,92266699,92266741,9826,"2,0,13","12,23,18","0,2,0","4,24,11",203,223,0.000804547145432,0.0351525687659622,"0.155,0.0,0.442","0.0,0.084,0.0",0.171
11490,"ENSG00000205763.16","RP9P","chr7","-",32921338,32921430,32930077,32930108,32918310,32918372,32942869,32943038,11490,"4,2,0","31,26,32","6,6,8","31,24,19",180,241,0.00080309787593,0.0351525687659622,"0.147,0.093,0.0","0.206,0.251,0.361",-0.193
15415,"ENSG00000256632.3","ENSG00000256632","chr12","+",132701249,132701369,132704618,132704794,132690262,132690376,132714857,132714912,15415,"14,15,25","40,41,75","13,6,9","74,77,45",269,325,0.000804794644795,0.0351525687659622,"0.297,0.307,0.287","0.175,0.086,0.195",0.145
3667,"ENSG00000148396.19","SEC16A","chr9","-",136445051,136445111,136445644,136445719,136443822,136443900,136446854,136446949,3667,"64,63,84","32,23,32","97,140,77","34,18,8",224,209,0.000818627091408,0.0356375660459616,"0.651,0.719,0.71","0.727,0.879,0.9",-0.142
500,"ENSG00000101144.13","BMP7","chr20","-",57183721,57183919,57202474,57202623,57174930,57175007,57228228,57228421,500,"28,27,29","61,103,113","52,76,41","69,106,94",298,347,0.000900882162963,0.0381997436633012,"0.348,0.234,0.23","0.467,0.455,0.337",-0.149
6128,"ENSG00000163960.12","UBXN7","chr3","-",196402951,196403019,196407245,196407393,196393553,196393619,196432326,196432427,6128,"128,145,97","78,63,75","113,129,97","22,48,34",297,217,0.000969574729836,0.0407159034458462,"0.545,0.627,0.486","0.79,0.663,0.676",-0.157
2220,"ENSG00000103540.17","CCP110","chr16","+",19547954,19548014,19548514,19548600,19546411,19546474,19551195,19553408,2220,"61,82,84","14,11,8","24,79,42","12,25,13",209,235,0.000999061950561,0.0412410723193741,"0.83,0.893,0.922","0.692,0.78,0.784",0.13
6960,"ENSG00000164182.12","NDUFAF2","chr5","+",61045523,61045604,61045839,61045978,60945182,60945382,61073124,61073214,6960,"2,1,2","5,0,2","0,0,2","1,15,13",230,288,0.00100102755936,0.0412410723193741,"0.334,1.0,0.556","0.0,0.0,0.162",0.576
8560,"ENSG00000088726.16","TMEM40","chr3","-",12738552,12738588,12748654,12748792,12738135,12738168,12749759,12749840,8560,"48,40,59","26,34,31","57,84,57","14,23,21",287,185,0.000993231594303,0.0412410723193741,"0.543,0.431,0.551","0.724,0.702,0.636",-0.179
6750,"ENSG00000204138.13","PHACTR4","chr1","+",28432930,28433046,28457831,28457859,28407409,28407463,28459084,28459258,6750,"1,1,14","15,14,18","4,0,0","26,30,22",265,177,0.00107939983576,0.0433752672462326,"0.043,0.046,0.342","0.093,0.0,0.0",0.113
9631,"ENSG00000197798.9","FAM118B","chr11","+",126250505,126250733,126254304,126254433,126240791,126241044,126256566,126256852,9631,"131,132,99","81,59,52","94,121,73","70,101,100",377,278,0.00111988291557,0.0445904599919031,"0.544,0.623,0.584","0.498,0.469,0.35",0.145
1804,"ENSG00000171953.16","ATPAF2","chr17","-",18028231,18028377,18028614,18028659,18026318,18026416,18038880,18039168,1804,"177,121,197","136,143,134","146,104,95","180,153,142",194,295,0.00113635662891,0.0447012577517006,"0.664,0.563,0.691","0.552,0.508,0.504",0.118
9323,"ENSG00000179818.17","PCBP1-AS1","chr2","-",70055713,70055910,70059642,70059680,70053730,70053792,70085546,70085624,9323,"5,1,12","6,11,7","16,4,2","5,0,0",187,346,0.00113495620473,0.0447012577517006,"0.607,0.144,0.76","0.856,1.0,1.0",-0.448
10980,"ENSG00000185250.16","PPIL6","chr6","-",109431156,109431345,109436103,109436199,109427093,109427156,109440455,109441171,10980,"8,17,21","6,16,19","3,3,5","5,15,17",245,338,0.0011340445159,0.0447012577517006,"0.648,0.594,0.604","0.453,0.216,0.289",0.296
1452,"ENSG00000266074.11","BAHCC1","chr17","+",81426799,81426979,81438369,81438492,81399533,81399917,81441830,81443564,1452,"22,46,61","18,13,36","29,35,17","37,47,21",329,272,0.00114452430933,0.0448873497893387,"0.503,0.745,0.583","0.393,0.381,0.401",0.219
3,"ENSG00000292348.1","CD99","chrY","+",2717604,2717652,2719660,2719705,2714421,2714454,2720355,2720424,3,"7,4,7","1,0,2","15,16,244","30,3,146",197,194,0.00120238662387,0.046875132261917,"0.873,1.0,0.775","0.33,0.84,0.622",0.285
8599,"ENSG00000161249.21","DMKN","chr19","-",35506478,35506665,35507457,35507511,35505938,35505986,35509910,35509961,8599,"0,2,5","17,16,7","8,7,16","9,9,13",203,336,0.00121494789071,0.0472238674186684,"0.0,0.171,0.542","0.595,0.563,0.671",-0.372
12739,"ENSG00000158106.15","RHPN1","chr8","+",143379828,143379985,143380061,143380175,143379314,143379508,143380588,143380783,12739,"13,27,28","8,13,20","13,10,7","16,20,13",306,263,0.00123171815928,0.0477336473596344,"0.583,0.641,0.546","0.411,0.301,0.316",0.247
11276,"ENSG00000290555.1","LINC00680","chr6","-",57949858,57950011,57959027,57959111,57948872,57949068,57961151,57961224,11276,"7,10,5","0,4,4","7,8,11","2,0,0",233,302,0.00125546771332,0.0483669862417676,"1.0,0.764,0.618","0.819,1.0,1.0",-0.146
2789,"ENSG00000165948.11","IFI27L1","chr14","+",94097491,94097678,94101813,94102059,94096886,94096965,94102476,94102641,2789,"16,27,25","78,94,113","36,46,24","70,81,74",336,395,0.00126645380907,0.0485040667051443,"0.194,0.252,0.206","0.377,0.4,0.276",-0.134
5502,"ENSG00000291176.1","ENSG00000291176","chr2","+",96019200,96019260,96019627,96019700,96015108,96015325,96021124,96021233,5502,"2,7,0","7,2,12","1,0,0","3,9,5",209,222,0.00129416606905,0.0489907503240377,"0.233,0.788,0.0","0.261,0.0,0.0",0.253
11417,"ENSG00000105793.16","GTPBP10","chr7","+",90354457,90354549,90372154,90372228,90352815,90353009,90374301,90374354,11417,"58,58,49","69,91,67","45,62,50","21,44,47",241,223,0.00129159149802,0.0489907503240377,"0.438,0.371,0.404","0.665,0.566,0.496",-0.171
15108,"ENSG00000291099.1","ENSG00000291099","chr7","+",5833526,5833568,5839948,5840075,5823127,5823526,5840689,5840856,15108,"0,8,1","12,12,12","0,2,0","10,33,19",191,276,0.0013033869883,0.0491363941088882,"0.0,0.491,0.107","0.0,0.081,0.0",0.172
10053,"ENSG00000139697.14","SBNO1","chr12","-",123302823,123302900,123304581,123304719,123297977,123298171,123309309,123309402,10053,"177,188,132","45,64,30","108,115,93","50,46,51",287,226,0.0013210447949,0.0495771408660747,"0.756,0.698,0.776","0.63,0.663,0.589",0.116
2422,"ENSG00000290945.1","UBE2Q2P2","chr15","+",82415527,82415675,82419207,82419247,82414786,82414804,82419367,82419391,2422,"8,10,9","2,1,3","2,5,5","0,0,1",297,189,0.00132703953609,0.0496559141332238,"0.718,0.864,0.656","1.0,1.0,0.761",-0.174
8066,"ENSG00000054392.13","HHAT","chr1","+",210404463,210404679,210418153,210418325,210387467,210387581,210464504,210464655,8066,"13,17,20","6,4,13","5,9,9","9,19,9",365,321,0.00134109749768,0.0496559141332238,"0.656,0.789,0.575","0.328,0.294,0.468",0.31
